SYMBOL	ALL_METHODS	SIG_METHODS	QVALUE_COMBINATION	QVALUE_CGC_COMBINATION	RANKING	TIER	ROLE	CGC_GENE	TIER_CGC	CGC_CANCER_GENE	SIGNATURE9	SIGNATURE10	WARNING_EXPRESSION	WARNING_GERMLINE	SAMPLES_3MUTS	OR_WARNING	WARNING_ARTIFACT	KNOWN_ARTIFACT	NUM_PAPERS	WARNING_ENSEMBL_TRANSCRIPTS	DRIVER	FILTER
ACTN1	oncodrivefml	combination	0.008196656273773		76.0	3	ambiguous	False		False	0.0	0.0	False	False	0.0	False	False	False	0.0	False	False	No driver
ADGRB1	smregions	smregions	0.0388933783193309		16.0	1	ambiguous	False		False	0.0	0.0	False	False	0.0	False	False	False	6.0	False	False	No driver
ALDH3B2	oncodrivefml	combination	0.0760168663472542		76.0	4	ambiguous	False		False	0.0	0.0	False	False	0.0	False	False	False	0.0	False	False	No driver
ARFGEF2	oncodrivefml,cbase	combination	0.0205908136418634		36.0	3	ambiguous	False		False	0.0	0.0	False	False	0.0	False	False	False	0.0	False	False	No driver
ARID1A	oncodrivefml,cbase	combination	0.0134445948634186	0.0130921148482728	66.0	2	ambiguous	True	1.0	False	0.0	0.0	False	False	0.0	False	False	False	90.0	False	True	PASS
ARPP21	cbase	combination	0.0388933783193309		101.0	3	ambiguous	False		False	0.0	0.0	False	False	0.0	False	False	False	0.0	False	False	No driver
ATM	oncodrivefml	combination	0.0486081919524913	0.0538547204797141	96.0	2	ambiguous	True	1.0	False	0.0	0.0	False	False	0.0	False	False	False	51.0	False	True	PASS
BICD2	oncodriveclustl	combination	0.0339679865670063		45.0	3	ambiguous	False		False	0.0	0.0	False	False	0.0	False	False	False	0.0	False	False	No driver
C3	oncodrivefml,cbase,mutpanning	combination	0.0036458147829246		14.0	1	ambiguous	False		False	0.0	0.0	False	False	0.0	False	False	False	0.0	False	False	No driver
CD1E	oncodrivefml	combination	0.0123011219831734		76.0	3	ambiguous	False		False	0.0	0.0	False	False	0.0	False	False	False	0.0	False	False	No driver
CDHR2	smregions,cbase,mutpanning	cbase	0.0018175085275428		13.0	1	ambiguous	False		False	0.0	0.0	False	False	1.0	False	False	False	1.0	False	False	No driver
CEP63	oncodrivefml	combination	0.0814058107744861		76.0	4	ambiguous	False		False	0.0	0.0	False	False	0.0	False	False	False	0.0	False	False	No driver
CHD9	oncodrivefml	combination	0.0289016848028561		95.0	3	ambiguous	False		False	0.0	0.0	False	False	0.0	False	False	False	1.0	False	False	No driver
CNOT3	oncodrivefml,oncodriveclustl,smregions,cbase	oncodriveclustl,smregions	3.303375135870661e-05	1.2867079180919427e-05	4.0	1	ambiguous	True	1.0	False	0.0	0.0	False	False	0.0	False	False	False	8.0	False	True	PASS
COL5A3	cbase	combination	0.2590465515750381		106.0	4	ambiguous	False		False	0.0	0.0	False	False	0.0	False	False	False	0.0	False	False	No driver
CREB3L4	oncodrivefml	combination	0.0144840649580965		76.0	3	ambiguous	False		False	0.0	0.0	False	False	0.0	False	False	False	0.0	False	False	No driver
CTNNA2	smregions	combination	0.0071338306336389	0.0052101010245677	19.0	2	ambiguous	True	2.0	False	0.0	0.0	False	False	0.0	False	False	False	1.0	False	True	PASS
DOCK7	smregions	combination	0.0272154105906212		19.0	3	ambiguous	False		False	0.0	0.0	False	False	0.0	False	False	False	0.0	False	False	No driver
DPP6	oncodrivefml,cbase	combination	0.0102884564869763		66.0	3	ambiguous	False		False	0.0	0.0	False	False	0.0	False	False	False	0.0	False	False	No driver
EFS	cbase	combination	0.0287271239805807		106.0	3	ambiguous	False		False	0.0	0.0	False	False	0.0	False	False	False	1.0	False	False	No driver
ENPP7	oncodriveclustl	combination	0.0320969907593016		45.0	3	ambiguous	False		False	0.0	0.0	True	False	0.0	False	False	False	0.0	False	False	No driver
EPPK1	smregions,cbase	combination	0.0017231578898587		19.0	3	ambiguous	False		False	0.0	0.0	False	False	0.0	False	True	False	0.0	False	False	No driver
FAM107A	oncodrivefml	combination	0.0151495672706649		76.0	3	ambiguous	False		False	0.0	0.0	False	False	0.0	False	False	False	7.0	False	False	No driver
FAT2	smregions	combination	0.0136376743110086		19.0	3	ambiguous	False		False	0.0	0.0	False	False	0.0	False	False	False	0.0	False	False	No driver
FAT3	smregions	combination	0.1058986606035071	0.1525464076294034	19.0	2	ambiguous	True	2.0	False	0.0	0.0	False	False	0.0	False	False	False	0.0	False	True	PASS
FAT4	smregions	smregions	0.0466628516737443	0.0538547204797141	16.0	1	ambiguous	True	1.0	False	0.0	0.0	False	False	0.0	False	False	False	13.0	False	True	PASS
FBN1	smregions	combination	0.0836199448364848		19.0	4	ambiguous	False		False	0.0	0.0	False	False	0.0	False	False	False	0.0	False	False	No driver
FHIP1B	oncodrivefml	combination	0.1615871644287467		76.0	4	ambiguous	False		False	0.0	0.0	False	False	0.0	False	False	False	0.0	False	False	No driver
FMN2	oncodriveclustl	combination	0.1988262029651345		45.0	4	ambiguous	False		False	0.0	0.0	False	False	0.0	False	False	False	1.0	False	False	No driver
FNDC1	oncodrivefml,cbase	cbase	0.0027096909441999		35.0	3	ambiguous	False		False	0.0	0.0	False	False	0.0	False	False	True	1.0	False	False	No driver
FOXA1	oncodrivefml,oncodriveclustl,smregions,cbase,mutpanning	smregions,mutpanning	1.758376671911421e-07	7.705246090398361e-08	2.0	1	ambiguous	True	1.0	True	0.0	0.0	False	False	0.0	False	False	False	46.0	False	True	PASS
GLB1L2	oncodriveclustl,smregions	combination	0.0262082718949312		10.0	1	ambiguous	False		False	0.0	0.0	False	False	0.0	False	False	False	0.0	False	False	No driver
GRM4	oncodrivefml	combination	0.095556059494143		96.0	4	ambiguous	False		False	0.0	0.0	False	False	0.0	False	False	False	1.0	False	False	No driver
HNRNPU	oncodrivefml	combination	0.0217927789716862		76.0	3	ambiguous	False		False	0.0	0.0	False	False	0.0	False	False	False	0.0	False	False	No driver
IDH1	oncodriveclustl	combination	0.1454551115506336	0.2500987407592917	55.0	4	ambiguous	True	1.0	False	0.0	0.0	False	False	0.0	False	False	False	88.0	False	False	No driver
ITPR1	oncodrivefml,cbase,mutpanning	combination	0.0047289765691166		11.0	1	ambiguous	False		False	0.0	0.0	False	False	0.0	False	False	False	0.0	False	False	No driver
KANK4	oncodrivefml	combination	0.0662588515966486		76.0	4	ambiguous	False		False	0.0	0.0	False	False	0.0	False	False	False	0.0	False	False	No driver
KAT6B	oncodrivefml,cbase,mutpanning	cbase	3.303375135870661e-05	1.2867079180919427e-05	11.0	1	ambiguous	True	1.0	False	0.0	0.0	False	False	0.0	False	False	False	5.0	False	True	PASS
KAZALD1	oncodriveclustl	combination	0.499273891683527		60.0	4	ambiguous	False		False	0.0	0.0	False	False	0.0	False	False	False	0.0	False	False	No driver
KIF1A	oncodriveclustl	combination	0.1900764789002548		72.0	4	ambiguous	False		False	0.0	0.0	False	False	0.0	False	True	False	0.0	False	False	No driver
KMT2C	oncodrivefml	combination	0.0156154264980137	0.0165883999570319	76.0	2	ambiguous	True	1.0	False	0.0	0.0	False	False	0.0	False	False	False	35.0	False	True	PASS
KMT2D	oncodrivefml	combination	0.0136407856406586	0.0145605892108476	76.0	2	ambiguous	True	1.0	False	0.0	0.0	False	False	0.0	False	False	False	46.0	False	True	PASS
LAMA2	smregions,cbase	combination	0.0032584677578346		19.0	3	ambiguous	False		False	0.0	0.0	False	False	0.0	False	True	False	0.0	False	False	No driver
LDLRAD3	oncodriveclustl	oncodriveclustl	0.3327457270485243		38.0	4	ambiguous	False		False	0.0	0.0	False	False	0.0	False	False	False	3.0	False	False	No driver
LRP1	smregions,cbase	combination	0.0136376743110086		19.0	3	ambiguous	False		False	0.0	0.0	False	False	0.0	False	False	False	3.0	False	False	No driver
MAB21L3	oncodrivefml	combination	0.0512564551164161		76.0	4	ambiguous	False		False	0.0	0.0	False	False	0.0	False	False	False	0.0	False	False	No driver
MAGEC2	cbase	combination	0.011561517808131		100.0	3	ambiguous	False		False	0.0	0.0	True	False	0.0	False	False	False	1.0	False	False	No driver
MBP	cbase	combination	0.0832347295151912		106.0	4	ambiguous	False		False	0.5	0.0	False	False	0.0	False	False	False	0.0	False	False	No driver
MED12	oncodriveclustl,cbase,mutpanning	oncodriveclustl	0.001370578906604	0.0005719911969776	9.0	1	ambiguous	True	1.0	False	0.0	0.0	False	False	0.0	False	False	False	4.0	False	True	PASS
MOB3C	oncodrivefml	combination	0.004771019942985		76.0	3	ambiguous	False		False	0.0	0.0	False	False	0.0	False	False	False	0.0	False	False	No driver
MPDZ	cbase	combination	0.0123011219831734		104.0	3	ambiguous	False		False	0.0	0.0	False	False	0.0	False	False	False	3.0	False	False	No driver
MYBBP1A	cbase	combination	0.0102884564869763		106.0	3	ambiguous	False		False	0.0	0.0	False	False	0.0	False	False	False	5.0	False	False	No driver
MYCBP2	oncodrivefml,smregions,cbase	combination	0.0012821569138885		8.0	1	ambiguous	False		False	0.0	0.0	False	False	0.0	False	False	False	1.0	False	False	No driver
MYO18A	oncodriveclustl	oncodriveclustl	0.0256489614173257		40.0	3	ambiguous	False		False	0.0	0.0	False	False	0.0	False	False	False	2.0	False	False	No driver
NBAS	cbase,mutpanning	cbase	0.0988424596972877		34.0	4	ambiguous	False		False	0.0	0.0	False	False	0.0	False	False	False	0.0	False	False	No driver
NDST4	oncodriveclustl	combination	0.0459112175877655		60.0	3	ambiguous	False		False	0.0	0.0	False	False	0.0	False	False	False	4.0	False	False	No driver
NOTCH2	smregions	combination	0.0276783256105481	0.0317212271042237	19.0	2	ambiguous	True	1.0	False	0.0	0.0	False	False	0.0	False	False	False	30.0	False	True	PASS
NOX4	cbase	combination	0.1656829407352799		105.0	4	ambiguous	False		False	0.0	0.0	False	False	0.0	False	False	False	1.0	False	False	No driver
OBSCN	oncodrivefml,smregions,cbase,mutpanning	cbase	5.11788293812274e-07		6.0	1	ambiguous	False		False	0.0	0.0	False	False	0.0	False	False	True	1.0	False	False	No driver
OLFM2	oncodrivefml	combination	0.0867504750232003		96.0	4	ambiguous	False		False	0.0	0.0	False	False	0.0	False	False	False	0.0	False	False	No driver
OR10A7	oncodriveclustl	combination	0.2069986360434579		58.0	4	ambiguous	False		False	0.0	0.0	True	False	0.0	True	False	False	0.0	False	False	No driver
OR2B11	oncodrivefml	combination	0.3271757144938058		76.0	4	ambiguous	False		False	0.0	0.0	True	False	0.0	True	False	False	0.0	False	False	No driver
PCDHB5	oncodriveclustl	combination	0.3308506543122479		55.0	4	ambiguous	False		False	0.0	0.0	False	False	0.0	False	False	False	0.0	False	False	No driver
PCDHB9	cbase,mutpanning	combination	0.0869721710617988		37.0	4	ambiguous	False		False	0.0	0.0	False	False	0.0	False	False	False	0.0	False	False	No driver
PHIP	oncodrivefml	combination	0.0102884564869763		76.0	3	ambiguous	False		False	0.0	0.0	False	False	0.0	False	False	False	5.0	False	False	No driver
PIK3R6	oncodriveclustl	combination	0.3971420038496541		60.0	4	ambiguous	False		False	0.0	0.0	False	False	0.0	False	False	False	0.0	False	False	No driver
PLA2G3	oncodrivefml	combination	0.1074791623088331		96.0	4	ambiguous	False		False	0.0	0.0	False	False	0.0	False	False	False	0.0	False	False	No driver
PLEC	smregions	combination	0.1692870356525928		19.0	4	ambiguous	False		False	0.0	0.0	False	False	0.0	False	False	False	0.0	False	False	No driver
PLXND1	smregions,cbase	combination	0.0027096909441999		19.0	3	ambiguous	False		False	0.0	0.0	False	False	0.0	False	False	False	0.0	False	False	No driver
PTEN	oncodrivefml,cbase,mutpanning,hotmaps	cbase,mutpanning	1.5975722583984403e-05	7.000597536802154e-06	3.0	1	ambiguous	True	1.0	True	0.0	0.0	False	False	0.0	False	False	False	917.0	False	True	PASS
RNF31	cbase	combination	0.0542933329572334		103.0	4	ambiguous	False		False	0.0	0.0	False	False	0.0	False	False	False	0.0	False	False	No driver
RRBP1	cbase	combination	0.0256489614173257		106.0	3	ambiguous	False		False	0.0	0.0	False	False	0.0	False	False	False	7.0	False	False	No driver
SCN11A	oncodrivefml,oncodriveclustl,smregions,cbase,mutpanning	smregions,cbase	1.6064888685198476e-07		5.0	1	ambiguous	False		False	0.16666666666666666	0.0	False	False	0.0	False	True	False	0.0	False	True	Warning artifact
SERPINB13	oncodriveclustl	combination	0.0773101599441042		45.0	4	ambiguous	False		False	0.0	0.0	False	False	0.0	False	False	False	0.0	False	False	No driver
SKIDA1	oncodrivefml	combination	0.0030368899653499		76.0	3	ambiguous	False		False	0.0	0.0	False	False	0.0	False	False	False	0.0	False	False	No driver
SPOP	oncodriveclustl,smregions,cbase,mutpanning,hotmaps	oncodriveclustl,smregions,cbase,mutpanning,hotmaps	1.1998760666567962e-23	3.505255925064798e-24	1.0	1	ambiguous	True	1.0	True	0.0	0.0	False	False	0.0	False	False	False	78.0	False	True	PASS
STAB2	oncodrivefml	combination	0.0136376743110086		76.0	3	ambiguous	False		False	0.0	0.0	False	False	0.0	False	True	False	0.0	False	False	No driver
SYNE1	smregions	combination	0.1748992629115124		19.0	4	ambiguous	False		False	0.0	0.0	False	False	0.0	False	True	False	1.0	False	False	No driver
SYNE3	oncodrivefml,cbase,mutpanning	cbase	0.0123011219831734		14.0	1	ambiguous	False		False	0.0	0.0	False	False	0.0	False	False	False	2.0	False	False	No driver
THSD7B	oncodriveclustl,cbase	combination	0.0486081919524913		60.0	3	ambiguous	False		False	0.0	0.0	False	False	0.0	False	True	False	0.0	False	False	No driver
TNFSF14	oncodrivefml	combination	0.0136407856406586		76.0	3	ambiguous	False		False	0.0	0.0	False	False	0.0	False	False	False	0.0	False	False	No driver
TP53	oncodrivefml,smregions,cbase,mutpanning	smregions	3.448620634731296e-06	1.6791036798317167e-06	7.0	1	ambiguous	True	1.0	True	0.0	0.0	False	False	0.0	False	False	False	1738.0	False	True	PASS
TRAPPC11	oncodrivefml	combination	0.0192248085036708		76.0	3	ambiguous	False		False	0.0	0.0	False	False	0.0	False	False	False	0.0	False	False	No driver
TRPC7	oncodrivefml,cbase	combination	0.0136376743110086		66.0	3	ambiguous	False		False	0.0	0.0	False	False	0.0	False	False	False	0.0	False	False	No driver
TTN	smregions	combination	0.1108214501971725		19.0	4	ambiguous	False		False	0.0	0.0	False	False	1.0	False	False	True	2.0	False	False	No driver
UPF3A	oncodriveclustl	combination	0.2885623623202389		45.0	4	ambiguous	False		False	0.0	0.0	False	False	0.0	False	False	False	0.0	False	False	No driver
ZNF189	smregions	smregions	0.0102884564869763		16.0	1	ambiguous	False		False	0.0	0.0	False	False	0.0	False	False	False	0.0	False	False	No driver
ZNF236	smregions	combination	0.1108214501971725		19.0	4	ambiguous	False		False	0.0	0.0	False	False	0.0	False	False	False	0.0	False	False	No driver
ZNF595	smregions	combination	0.027317235521742		19.0	3	ambiguous	False		False	0.0	0.0	False	False	0.0	False	False	False	0.0	False	False	No driver
