SYMBOL	COHORT	METHODS	SAMPLES	QVALUE_COMBINATION	CGC_GENE	CGC_CANCER_GENE	DOMAIN	2D_CLUSTERS	3D_CLUSTERS	EXCESS_MIS	EXCESS_NON	EXCESS_SPL	ROLE
ARID1A	CBIOP_WXS_PRAD_BROAD	combination	2.0	0.0134445948634186	True	False							ambiguous
ATM	CBIOP_WXS_PRAD_BROAD	combination	2.0	0.0486081919524913	True	False							ambiguous
CNOT3	CBIOP_WXS_PRAD_BROAD	oncodriveclustl,smregions	3.0	3.303375135870661e-05	True	False	PF04065:3:232						ambiguous
CTNNA2	CBIOP_WXS_PRAD_BROAD	combination	4.0	0.0071338306336389	True	False							ambiguous
FAT3	CBIOP_WXS_PRAD_BROAD	combination	4.0	0.1058986606035071	True	False							ambiguous
FAT4	CBIOP_WXS_PRAD_BROAD	smregions	8.0	0.0466628516737443	True	False	PF00028:1323:1410						ambiguous
FOXA1	CBIOP_WXS_PRAD_BROAD	smregions,mutpanning	4.0	1.758376671911421e-07	True	True	PF00250:170:255						ambiguous
KAT6B	CBIOP_WXS_PRAD_BROAD	cbase	3.0	3.303375135870661e-05	True	False							ambiguous
KMT2C	CBIOP_WXS_PRAD_BROAD	combination	2.0	0.0156154264980137	True	False							ambiguous
KMT2D	CBIOP_WXS_PRAD_BROAD	combination	2.0	0.0136407856406586	True	False							ambiguous
MED12	CBIOP_WXS_PRAD_BROAD	oncodriveclustl	6.0	0.001370578906604	True	False		71129408:71129408					ambiguous
NOTCH2	CBIOP_WXS_PRAD_BROAD	combination	3.0	0.0276783256105481	True	False							ambiguous
PTEN	CBIOP_WXS_PRAD_BROAD	cbase,mutpanning	4.0	1.5975722583984403e-05	True	True							ambiguous
SPOP	CBIOP_WXS_PRAD_BROAD	oncodriveclustl,smregions,cbase,mutpanning,hotmaps	14.0	1.1998760666567962e-23	True	True	PF00917:65:161	49619059:49619086	87,134,131,119,133				ambiguous
TP53	CBIOP_WXS_PRAD_BROAD	smregions	7.0	3.448620634731296e-06	True	True	PF00870:100:288						ambiguous
