ID	Sample	Cohort
0	PR-06-1651	CBIOP_WXS_PRAD_BROAD
1	P07-5036	CBIOP_WXS_PRAD_BROAD
2	P03-1334	CBIOP_WXS_PRAD_BROAD
3	PR-09-5700	CBIOP_WXS_PRAD_BROAD
4	P04-1421	CBIOP_WXS_PRAD_BROAD
5	PR-09-3566	CBIOP_WXS_PRAD_BROAD
6	PR-09-5094	CBIOP_WXS_PRAD_BROAD
7	P04-1243	CBIOP_WXS_PRAD_BROAD
8	PR-3035	CBIOP_WXS_PRAD_BROAD
9	P08-590	CBIOP_WXS_PRAD_BROAD
10	PR-00-1165	CBIOP_WXS_PRAD_BROAD
11	P05-2594	CBIOP_WXS_PRAD_BROAD
12	P05-620	CBIOP_WXS_PRAD_BROAD
13	PR-01-1934	CBIOP_WXS_PRAD_BROAD
14	PR-0415	CBIOP_WXS_PRAD_BROAD
15	PR-04-1367	CBIOP_WXS_PRAD_BROAD
16	P09-1580	CBIOP_WXS_PRAD_BROAD
17	PR-03-870	CBIOP_WXS_PRAD_BROAD
18	PR-05-839	CBIOP_WXS_PRAD_BROAD
19	PR-0427	CBIOP_WXS_PRAD_BROAD
20	PR-2762	CBIOP_WXS_PRAD_BROAD
21	P09-649	CBIOP_WXS_PRAD_BROAD
22	P04-2740	CBIOP_WXS_PRAD_BROAD
23	P09-120	CBIOP_WXS_PRAD_BROAD
24	PR-02-1899	CBIOP_WXS_PRAD_BROAD
25	P04-2599	CBIOP_WXS_PRAD_BROAD
26	PR-2858	CBIOP_WXS_PRAD_BROAD
27	PR-3023	CBIOP_WXS_PRAD_BROAD
28	PR-00-160	CBIOP_WXS_PRAD_BROAD
29	PR-04-3222	CBIOP_WXS_PRAD_BROAD
30	P06-3676	CBIOP_WXS_PRAD_BROAD
31	PR-04-194	CBIOP_WXS_PRAD_BROAD
32	PR-02-2480	CBIOP_WXS_PRAD_BROAD
33	PR-09-3687	CBIOP_WXS_PRAD_BROAD
34	PR-0099	CBIOP_WXS_PRAD_BROAD
35	PR-2661	CBIOP_WXS_PRAD_BROAD
36	PR-3034	CBIOP_WXS_PRAD_BROAD
37	P06-1696	CBIOP_WXS_PRAD_BROAD
38	P02-1562	CBIOP_WXS_PRAD_BROAD
39	PR-04-903	CBIOP_WXS_PRAD_BROAD
40	P03-1426	CBIOP_WXS_PRAD_BROAD
41	P03-2345	CBIOP_WXS_PRAD_BROAD
42	P09-2497	CBIOP_WXS_PRAD_BROAD
43	PR-3026	CBIOP_WXS_PRAD_BROAD
44	P04-47	CBIOP_WXS_PRAD_BROAD
45	P06-2325	CBIOP_WXS_PRAD_BROAD
46	P07-837	CBIOP_WXS_PRAD_BROAD
47	PR-02-1082	CBIOP_WXS_PRAD_BROAD
48	PR-05-3440	CBIOP_WXS_PRAD_BROAD
49	PR-2872	CBIOP_WXS_PRAD_BROAD
50	PR-02-1736	CBIOP_WXS_PRAD_BROAD
51	P04-1790	CBIOP_WXS_PRAD_BROAD
52	PR-09-2517	CBIOP_WXS_PRAD_BROAD
53	PR-01-2492	CBIOP_WXS_PRAD_BROAD
54	PR-1043	CBIOP_WXS_PRAD_BROAD
55	PR-2761	CBIOP_WXS_PRAD_BROAD
56	P06-3939	CBIOP_WXS_PRAD_BROAD
57	P07-684	CBIOP_WXS_PRAD_BROAD
58	P07-144	CBIOP_WXS_PRAD_BROAD
59	PR-05-3595	CBIOP_WXS_PRAD_BROAD
60	P03-3391	CBIOP_WXS_PRAD_BROAD
61	P05-3852	CBIOP_WXS_PRAD_BROAD
62	PR-2682	CBIOP_WXS_PRAD_BROAD
63	P05-3859	CBIOP_WXS_PRAD_BROAD
64	PR-03-022	CBIOP_WXS_PRAD_BROAD
65	PR-02-169	CBIOP_WXS_PRAD_BROAD
66	PR-09-2744	CBIOP_WXS_PRAD_BROAD
67	P08-2516	CBIOP_WXS_PRAD_BROAD
68	PR-00-1823	CBIOP_WXS_PRAD_BROAD
69	PR-09-5245	CBIOP_WXS_PRAD_BROAD
70	PR-09-5630	CBIOP_WXS_PRAD_BROAD
71	P06-1125	CBIOP_WXS_PRAD_BROAD
72	PR-04-639	CBIOP_WXS_PRAD_BROAD
73	PR-2916	CBIOP_WXS_PRAD_BROAD
74	PR-2915	CBIOP_WXS_PRAD_BROAD
75	P05-2212	CBIOP_WXS_PRAD_BROAD
76	P05-3829	CBIOP_WXS_PRAD_BROAD
77	P06-4428	CBIOP_WXS_PRAD_BROAD
78	P04-2666	CBIOP_WXS_PRAD_BROAD
79	PR-04-3113	CBIOP_WXS_PRAD_BROAD
80	PR-09-5702	CBIOP_WXS_PRAD_BROAD
81	PR-06-1749	CBIOP_WXS_PRAD_BROAD
82	PR-3036	CBIOP_WXS_PRAD_BROAD
83	P05-3436	CBIOP_WXS_PRAD_BROAD
84	PR-09-5446	CBIOP_WXS_PRAD_BROAD
85	PR-2740	CBIOP_WXS_PRAD_BROAD
86	P07-360	CBIOP_WXS_PRAD_BROAD
87	PR-03-1026	CBIOP_WXS_PRAD_BROAD
88	PR-09-2767	CBIOP_WXS_PRAD_BROAD
89	PR-01-2554	CBIOP_WXS_PRAD_BROAD
90	P09-1372	CBIOP_WXS_PRAD_BROAD
91	PR-02-254	CBIOP_WXS_PRAD_BROAD
92	P03-595	CBIOP_WXS_PRAD_BROAD
93	PR-3048	CBIOP_WXS_PRAD_BROAD
94	PR-09-3421	CBIOP_WXS_PRAD_BROAD
95	PR-06-1999	CBIOP_WXS_PRAD_BROAD
96	P03-871	CBIOP_WXS_PRAD_BROAD
97	PR-3127	CBIOP_WXS_PRAD_BROAD
98	PR-04-3347	CBIOP_WXS_PRAD_BROAD
99	P07-718	CBIOP_WXS_PRAD_BROAD
100	PR-01-2382	CBIOP_WXS_PRAD_BROAD
101	P03-1906	CBIOP_WXS_PRAD_BROAD
102	P00-000450	CBIOP_WXS_PRAD_BROAD
103	P04-594	CBIOP_WXS_PRAD_BROAD
104	P02-2035	CBIOP_WXS_PRAD_BROAD
105	P03-2620	CBIOP_WXS_PRAD_BROAD
106	PR-02-2072	CBIOP_WXS_PRAD_BROAD
107	PR-1024	CBIOP_WXS_PRAD_BROAD
108	P01-28	CBIOP_WXS_PRAD_BROAD
109	P04-2641	CBIOP_WXS_PRAD_BROAD
110	PR-3051	CBIOP_WXS_PRAD_BROAD
111	P04-1084	CBIOP_WXS_PRAD_BROAD
