SYMBOL	TRANSCRIPT	COHORT	CANCER_TYPE	METHODS	MUTATIONS	SAMPLES	%_SAMPLES_COHORT	QVALUE_COMBINATION	ROLE	CGC_GENE	CGC_CANCER_GENE	DOMAIN	2D_CLUSTERS	3D_CLUSTERS	EXCESS_MIS	EXCESS_NON	EXCESS_SPL
ARID1A	ENST00000324856	CBIOP_WXS_PRAD_BROAD	PRAD	combination	2	2.0	0.017857142857142856	0.0134445948634186	ambiguous	True	False						
ATM	ENST00000675843	CBIOP_WXS_PRAD_BROAD	PRAD	combination	3	2.0	0.017857142857142856	0.0486081919524913	ambiguous	True	False						
CNOT3	ENST00000221232	CBIOP_WXS_PRAD_BROAD	PRAD	oncodriveclustl,smregions	4	3.0	0.026785714285714284	3.303375135870661e-05	ambiguous	True	False	PF04065:3:232					
CTNNA2	ENST00000402739	CBIOP_WXS_PRAD_BROAD	PRAD	combination	4	4.0	0.03571428571428571	0.0071338306336389	ambiguous	True	False						
FAT3	ENST00000525166	CBIOP_WXS_PRAD_BROAD	PRAD	combination	4	4.0	0.03571428571428571	0.1058986606035071	ambiguous	True	False						
FAT4	ENST00000394329	CBIOP_WXS_PRAD_BROAD	PRAD	smregions	8	8.0	0.07142857142857142	0.0466628516737443	ambiguous	True	False	PF00028:1323:1410					
FOXA1	ENST00000250448	CBIOP_WXS_PRAD_BROAD	PRAD	smregions,mutpanning	4	4.0	0.03571428571428571	1.758376671911421e-07	ambiguous	True	True	PF00250:170:255					
KAT6B	ENST00000287239	CBIOP_WXS_PRAD_BROAD	PRAD	cbase	3	3.0	0.026785714285714284	3.303375135870661e-05	ambiguous	True	False						
KMT2C	ENST00000262189	CBIOP_WXS_PRAD_BROAD	PRAD	combination	2	2.0	0.017857142857142856	0.0156154264980137	ambiguous	True	False						
KMT2D	ENST00000301067	CBIOP_WXS_PRAD_BROAD	PRAD	combination	2	2.0	0.017857142857142856	0.0136407856406586	ambiguous	True	False						
MED12	ENST00000374080	CBIOP_WXS_PRAD_BROAD	PRAD	oncodriveclustl	6	6.0	0.05357142857142857	0.001370578906604	ambiguous	True	False		71129408:71129408				
NOTCH2	ENST00000256646	CBIOP_WXS_PRAD_BROAD	PRAD	combination	3	3.0	0.026785714285714284	0.0276783256105481	ambiguous	True	False						
PTEN	ENST00000371953	CBIOP_WXS_PRAD_BROAD	PRAD	cbase,mutpanning	7	4.0	0.03571428571428571	1.5975722583984403e-05	ambiguous	True	True						
SPOP	ENST00000504102	CBIOP_WXS_PRAD_BROAD	PRAD	oncodriveclustl,smregions,cbase,mutpanning,hotmaps	14	14.0	0.125	1.1998760666567962e-23	ambiguous	True	True	PF00917:65:161	49619059:49619086	87,134,131,119,133			
TP53	ENST00000269305	CBIOP_WXS_PRAD_BROAD	PRAD	smregions	8	7.0	0.0625	3.448620634731296e-06	ambiguous	True	True	PF00870:100:288					
