SYMBOL	TRANSCRIPT	COHORT	CANCER_TYPE	MUTATIONS	SAMPLES_COHORT	ALL_METHODS	SIG_METHODS	QVALUE_COMBINATION	QVALUE_CGC_COMBINATION	RANKING	TIER	ROLE	CGC_GENE	TIER_CGC	CGC_CANCER_GENE	SIGNATURE9	SIGNATURE10	WARNING_EXPRESSION	WARNING_GERMLINE	SAMPLES_3MUTS	OR_WARNING	WARNING_ARTIFACT	KNOWN_ARTIFACT	NUM_PAPERS	WARNING_ENSEMBL_TRANSCRIPTS	DRIVER	FILTER
ACTN1	ENST00000394419	CBIOP_WXS_PRAD_BROAD	PRAD	2	112	oncodrivefml	combination	0.008196656273773		76.0	3	ambiguous	False		False	0.0	0.0	False	False	0.0	False	False	False	0.0	False	False	No driver
ADGRB1	ENST00000517894	CBIOP_WXS_PRAD_BROAD	PRAD	4	112	smregions	smregions	0.0388933783193309		16.0	1	ambiguous	False		False	0.0	0.0	False	False	0.0	False	False	False	6.0	False	False	No driver
ALDH3B2	ENST00000673966	CBIOP_WXS_PRAD_BROAD	PRAD	2	112	oncodrivefml	combination	0.0760168663472542		76.0	4	ambiguous	False		False	0.0	0.0	False	False	0.0	False	False	False	0.0	False	False	No driver
ARFGEF2	ENST00000371917	CBIOP_WXS_PRAD_BROAD	PRAD	3	112	oncodrivefml,cbase	combination	0.0205908136418634		36.0	3	ambiguous	False		False	0.0	0.0	False	False	0.0	False	False	False	0.0	False	False	No driver
ARID1A	ENST00000324856	CBIOP_WXS_PRAD_BROAD	PRAD	2	112	oncodrivefml,cbase	combination	0.0134445948634186	0.0130921148482728	66.0	2	ambiguous	True	1.0	False	0.0	0.0	False	False	0.0	False	False	False	90.0	False	True	PASS
ARPP21	ENST00000684406	CBIOP_WXS_PRAD_BROAD	PRAD	3	112	cbase	combination	0.0388933783193309		101.0	3	ambiguous	False		False	0.0	0.0	False	False	0.0	False	False	False	0.0	False	False	No driver
ATM	ENST00000675843	CBIOP_WXS_PRAD_BROAD	PRAD	3	112	oncodrivefml	combination	0.0486081919524913	0.0538547204797141	96.0	2	ambiguous	True	1.0	False	0.0	0.0	False	False	0.0	False	False	False	51.0	False	True	PASS
BICD2	ENST00000356884	CBIOP_WXS_PRAD_BROAD	PRAD	2	112	oncodriveclustl	combination	0.0339679865670063		45.0	3	ambiguous	False		False	0.0	0.0	False	False	0.0	False	False	False	0.0	False	False	No driver
C3	ENST00000245907	CBIOP_WXS_PRAD_BROAD	PRAD	3	112	oncodrivefml,cbase,mutpanning	combination	0.0036458147829246		14.0	1	ambiguous	False		False	0.0	0.0	False	False	0.0	False	False	False	0.0	False	False	No driver
CD1E	ENST00000368167	CBIOP_WXS_PRAD_BROAD	PRAD	2	112	oncodrivefml	combination	0.0123011219831734		76.0	3	ambiguous	False		False	0.0	0.0	False	False	0.0	False	False	False	0.0	False	False	No driver
CDHR2	ENST00000261944	CBIOP_WXS_PRAD_BROAD	PRAD	4	112	smregions,cbase,mutpanning	cbase	0.0018175085275428		13.0	1	ambiguous	False		False	0.0	0.0	False	False	1.0	False	False	False	1.0	False	False	No driver
CEP63	ENST00000675561	CBIOP_WXS_PRAD_BROAD	PRAD	2	112	oncodrivefml	combination	0.0814058107744861		76.0	4	ambiguous	False		False	0.0	0.0	False	False	0.0	False	False	False	0.0	False	False	No driver
CHD9	ENST00000447540	CBIOP_WXS_PRAD_BROAD	PRAD	2	112	oncodrivefml	combination	0.0289016848028561		95.0	3	ambiguous	False		False	0.0	0.0	False	False	0.0	False	False	False	1.0	False	False	No driver
CNOT3	ENST00000221232	CBIOP_WXS_PRAD_BROAD	PRAD	4	112	oncodrivefml,oncodriveclustl,smregions,cbase	oncodriveclustl,smregions	3.303375135870661e-05	1.2867079180919427e-05	4.0	1	ambiguous	True	1.0	False	0.0	0.0	False	False	0.0	False	False	False	8.0	False	True	PASS
COL5A3	ENST00000264828	CBIOP_WXS_PRAD_BROAD	PRAD	2	112	cbase	combination	0.2590465515750381		106.0	4	ambiguous	False		False	0.0	0.0	False	False	0.0	False	False	False	0.0	False	False	No driver
CREB3L4	ENST00000368607	CBIOP_WXS_PRAD_BROAD	PRAD	2	112	oncodrivefml	combination	0.0144840649580965		76.0	3	ambiguous	False		False	0.0	0.0	False	False	0.0	False	False	False	0.0	False	False	No driver
CTNNA2	ENST00000402739	CBIOP_WXS_PRAD_BROAD	PRAD	4	112	smregions	combination	0.0071338306336389	0.0052101010245677	19.0	2	ambiguous	True	2.0	False	0.0	0.0	False	False	0.0	False	False	False	1.0	False	True	PASS
DOCK7	ENST00000635253	CBIOP_WXS_PRAD_BROAD	PRAD	3	112	smregions	combination	0.0272154105906212		19.0	3	ambiguous	False		False	0.0	0.0	False	False	0.0	False	False	False	0.0	False	False	No driver
DPP6	ENST00000377770	CBIOP_WXS_PRAD_BROAD	PRAD	2	112	oncodrivefml,cbase	combination	0.0102884564869763		66.0	3	ambiguous	False		False	0.0	0.0	False	False	0.0	False	False	False	0.0	False	False	No driver
EFS	ENST00000216733	CBIOP_WXS_PRAD_BROAD	PRAD	2	112	cbase	combination	0.0287271239805807		106.0	3	ambiguous	False		False	0.0	0.0	False	False	0.0	False	False	False	1.0	False	False	No driver
ENPP7	ENST00000328313	CBIOP_WXS_PRAD_BROAD	PRAD	2	112	oncodriveclustl	combination	0.0320969907593016		45.0	3	ambiguous	False		False	0.0	0.0	True	False	0.0	False	False	False	0.0	False	False	No driver
EPPK1	ENST00000615648	CBIOP_WXS_PRAD_BROAD	PRAD	3	112	smregions,cbase	combination	0.0017231578898587		19.0	3	ambiguous	False		False	0.0	0.0	False	False	0.0	False	True	False	0.0	False	False	No driver
FAM107A	ENST00000360997	CBIOP_WXS_PRAD_BROAD	PRAD	2	112	oncodrivefml	combination	0.0151495672706649		76.0	3	ambiguous	False		False	0.0	0.0	False	False	0.0	False	False	False	7.0	False	False	No driver
FAT2	ENST00000261800	CBIOP_WXS_PRAD_BROAD	PRAD	3	112	smregions	combination	0.0136376743110086		19.0	3	ambiguous	False		False	0.0	0.0	False	False	0.0	False	False	False	0.0	False	False	No driver
FAT3	ENST00000525166	CBIOP_WXS_PRAD_BROAD	PRAD	4	112	smregions	combination	0.1058986606035071	0.1525464076294034	19.0	2	ambiguous	True	2.0	False	0.0	0.0	False	False	0.0	False	False	False	0.0	False	True	PASS
FAT4	ENST00000394329	CBIOP_WXS_PRAD_BROAD	PRAD	8	112	smregions	smregions	0.0466628516737443	0.0538547204797141	16.0	1	ambiguous	True	1.0	False	0.0	0.0	False	False	0.0	False	False	False	13.0	False	True	PASS
FBN1	ENST00000316623	CBIOP_WXS_PRAD_BROAD	PRAD	4	112	smregions	combination	0.0836199448364848		19.0	4	ambiguous	False		False	0.0	0.0	False	False	0.0	False	False	False	0.0	False	False	No driver
FHIP1B	ENST00000449352	CBIOP_WXS_PRAD_BROAD	PRAD	3	112	oncodrivefml	combination	0.1615871644287467		76.0	4	ambiguous	False		False	0.0	0.0	False	False	0.0	False	False	False	0.0	False	False	No driver
FMN2	ENST00000319653	CBIOP_WXS_PRAD_BROAD	PRAD	6	112	oncodriveclustl	combination	0.1988262029651345		45.0	4	ambiguous	False		False	0.0	0.0	False	False	0.0	False	False	False	1.0	False	False	No driver
FNDC1	ENST00000297267	CBIOP_WXS_PRAD_BROAD	PRAD	4	112	oncodrivefml,cbase	cbase	0.0027096909441999		35.0	3	ambiguous	False		False	0.0	0.0	False	False	0.0	False	False	True	1.0	False	False	No driver
FOXA1	ENST00000250448	CBIOP_WXS_PRAD_BROAD	PRAD	4	112	oncodrivefml,oncodriveclustl,smregions,cbase,mutpanning	smregions,mutpanning	1.758376671911421e-07	7.705246090398361e-08	2.0	1	ambiguous	True	1.0	True	0.0	0.0	False	False	0.0	False	False	False	46.0	False	True	PASS
GLB1L2	ENST00000535456	CBIOP_WXS_PRAD_BROAD	PRAD	3	112	oncodriveclustl,smregions	combination	0.0262082718949312		10.0	1	ambiguous	False		False	0.0	0.0	False	False	0.0	False	False	False	0.0	False	False	No driver
GRM4	ENST00000538487	CBIOP_WXS_PRAD_BROAD	PRAD	2	112	oncodrivefml	combination	0.095556059494143		96.0	4	ambiguous	False		False	0.0	0.0	False	False	0.0	False	False	False	1.0	False	False	No driver
HNRNPU	ENST00000640218	CBIOP_WXS_PRAD_BROAD	PRAD	2	112	oncodrivefml	combination	0.0217927789716862		76.0	3	ambiguous	False		False	0.0	0.0	False	False	0.0	False	False	False	0.0	False	False	No driver
IDH1	ENST00000345146	CBIOP_WXS_PRAD_BROAD	PRAD	3	112	oncodriveclustl	combination	0.1454551115506336	0.2500987407592917	55.0	4	ambiguous	True	1.0	False	0.0	0.0	False	False	0.0	False	False	False	88.0	False	False	No driver
ITPR1	ENST00000649015	CBIOP_WXS_PRAD_BROAD	PRAD	4	112	oncodrivefml,cbase,mutpanning	combination	0.0047289765691166		11.0	1	ambiguous	False		False	0.0	0.0	False	False	0.0	False	False	False	0.0	False	False	No driver
KANK4	ENST00000371153	CBIOP_WXS_PRAD_BROAD	PRAD	3	112	oncodrivefml	combination	0.0662588515966486		76.0	4	ambiguous	False		False	0.0	0.0	False	False	0.0	False	False	False	0.0	False	False	No driver
KAT6B	ENST00000287239	CBIOP_WXS_PRAD_BROAD	PRAD	3	112	oncodrivefml,cbase,mutpanning	cbase	3.303375135870661e-05	1.2867079180919427e-05	11.0	1	ambiguous	True	1.0	False	0.0	0.0	False	False	0.0	False	False	False	5.0	False	True	PASS
KAZALD1	ENST00000370200	CBIOP_WXS_PRAD_BROAD	PRAD	2	112	oncodriveclustl	combination	0.499273891683527		60.0	4	ambiguous	False		False	0.0	0.0	False	False	0.0	False	False	False	0.0	False	False	No driver
KIF1A	ENST00000498729	CBIOP_WXS_PRAD_BROAD	PRAD	2	112	oncodriveclustl	combination	0.1900764789002548		72.0	4	ambiguous	False		False	0.0	0.0	False	False	0.0	False	True	False	0.0	False	False	No driver
KMT2C	ENST00000262189	CBIOP_WXS_PRAD_BROAD	PRAD	2	112	oncodrivefml	combination	0.0156154264980137	0.0165883999570319	76.0	2	ambiguous	True	1.0	False	0.0	0.0	False	False	0.0	False	False	False	35.0	False	True	PASS
KMT2D	ENST00000301067	CBIOP_WXS_PRAD_BROAD	PRAD	2	112	oncodrivefml	combination	0.0136407856406586	0.0145605892108476	76.0	2	ambiguous	True	1.0	False	0.0	0.0	False	False	0.0	False	False	False	46.0	False	True	PASS
LAMA2	ENST00000421865	CBIOP_WXS_PRAD_BROAD	PRAD	3	112	smregions,cbase	combination	0.0032584677578346		19.0	3	ambiguous	False		False	0.0	0.0	False	False	0.0	False	True	False	0.0	False	False	No driver
LDLRAD3	ENST00000315571	CBIOP_WXS_PRAD_BROAD	PRAD	6	112	oncodriveclustl	oncodriveclustl	0.3327457270485243		38.0	4	ambiguous	False		False	0.0	0.0	False	False	0.0	False	False	False	3.0	False	False	No driver
LRP1	ENST00000243077	CBIOP_WXS_PRAD_BROAD	PRAD	5	112	smregions,cbase	combination	0.0136376743110086		19.0	3	ambiguous	False		False	0.0	0.0	False	False	0.0	False	False	False	3.0	False	False	No driver
MAB21L3	ENST00000369500	CBIOP_WXS_PRAD_BROAD	PRAD	2	112	oncodrivefml	combination	0.0512564551164161		76.0	4	ambiguous	False		False	0.0	0.0	False	False	0.0	False	False	False	0.0	False	False	No driver
MAGEC2	ENST00000247452	CBIOP_WXS_PRAD_BROAD	PRAD	3	112	cbase	combination	0.011561517808131		100.0	3	ambiguous	False		False	0.0	0.0	True	False	0.0	False	False	False	1.0	False	False	No driver
MBP	ENST00000355994	CBIOP_WXS_PRAD_BROAD	PRAD	2	112	cbase	combination	0.0832347295151912		106.0	4	ambiguous	False		False	0.5	0.0	False	False	0.0	False	False	False	0.0	False	False	No driver
MED12	ENST00000374080	CBIOP_WXS_PRAD_BROAD	PRAD	6	112	oncodriveclustl,cbase,mutpanning	oncodriveclustl	0.001370578906604	0.0005719911969776	9.0	1	ambiguous	True	1.0	False	0.0	0.0	False	False	0.0	False	False	False	4.0	False	True	PASS
MOB3C	ENST00000319928	CBIOP_WXS_PRAD_BROAD	PRAD	2	112	oncodrivefml	combination	0.004771019942985		76.0	3	ambiguous	False		False	0.0	0.0	False	False	0.0	False	False	False	0.0	False	False	No driver
MPDZ	ENST00000319217	CBIOP_WXS_PRAD_BROAD	PRAD	3	112	cbase	combination	0.0123011219831734		104.0	3	ambiguous	False		False	0.0	0.0	False	False	0.0	False	False	False	3.0	False	False	No driver
MYBBP1A	ENST00000254718	CBIOP_WXS_PRAD_BROAD	PRAD	2	112	cbase	combination	0.0102884564869763		106.0	3	ambiguous	False		False	0.0	0.0	False	False	0.0	False	False	False	5.0	False	False	No driver
MYCBP2	ENST00000544440	CBIOP_WXS_PRAD_BROAD	PRAD	3	112	oncodrivefml,smregions,cbase	combination	0.0012821569138885		8.0	1	ambiguous	False		False	0.0	0.0	False	False	0.0	False	False	False	1.0	False	False	No driver
MYO18A	ENST00000527372	CBIOP_WXS_PRAD_BROAD	PRAD	3	112	oncodriveclustl	oncodriveclustl	0.0256489614173257		40.0	3	ambiguous	False		False	0.0	0.0	False	False	0.0	False	False	False	2.0	False	False	No driver
NBAS	ENST00000281513	CBIOP_WXS_PRAD_BROAD	PRAD	5	112	cbase,mutpanning	cbase	0.0988424596972877		34.0	4	ambiguous	False		False	0.0	0.0	False	False	0.0	False	False	False	0.0	False	False	No driver
NDST4	ENST00000264363	CBIOP_WXS_PRAD_BROAD	PRAD	3	112	oncodriveclustl	combination	0.0459112175877655		60.0	3	ambiguous	False		False	0.0	0.0	False	False	0.0	False	False	False	4.0	False	False	No driver
NOTCH2	ENST00000256646	CBIOP_WXS_PRAD_BROAD	PRAD	3	112	smregions	combination	0.0276783256105481	0.0317212271042237	19.0	2	ambiguous	True	1.0	False	0.0	0.0	False	False	0.0	False	False	False	30.0	False	True	PASS
NOX4	ENST00000263317	CBIOP_WXS_PRAD_BROAD	PRAD	3	112	cbase	combination	0.1656829407352799		105.0	4	ambiguous	False		False	0.0	0.0	False	False	0.0	False	False	False	1.0	False	False	No driver
OBSCN	ENST00000680850	CBIOP_WXS_PRAD_BROAD	PRAD	5	112	oncodrivefml,smregions,cbase,mutpanning	cbase	5.11788293812274e-07		6.0	1	ambiguous	False		False	0.0	0.0	False	False	0.0	False	False	True	1.0	False	False	No driver
OLFM2	ENST00000264833	CBIOP_WXS_PRAD_BROAD	PRAD	2	112	oncodrivefml	combination	0.0867504750232003		96.0	4	ambiguous	False		False	0.0	0.0	False	False	0.0	False	False	False	0.0	False	False	No driver
OR10A7	ENST00000326258	CBIOP_WXS_PRAD_BROAD	PRAD	2	112	oncodriveclustl	combination	0.2069986360434579		58.0	4	ambiguous	False		False	0.0	0.0	True	False	0.0	True	False	False	0.0	False	False	No driver
OR2B11	ENST00000641149	CBIOP_WXS_PRAD_BROAD	PRAD	2	112	oncodrivefml	combination	0.3271757144938058		76.0	4	ambiguous	False		False	0.0	0.0	True	False	0.0	True	False	False	0.0	False	False	No driver
PCDHB5	ENST00000231134	CBIOP_WXS_PRAD_BROAD	PRAD	3	112	oncodriveclustl	combination	0.3308506543122479		55.0	4	ambiguous	False		False	0.0	0.0	False	False	0.0	False	False	False	0.0	False	False	No driver
PCDHB9	ENST00000316105	CBIOP_WXS_PRAD_BROAD	PRAD	4	112	cbase,mutpanning	combination	0.0869721710617988		37.0	4	ambiguous	False		False	0.0	0.0	False	False	0.0	False	False	False	0.0	False	False	No driver
PHIP	ENST00000275034	CBIOP_WXS_PRAD_BROAD	PRAD	2	112	oncodrivefml	combination	0.0102884564869763		76.0	3	ambiguous	False		False	0.0	0.0	False	False	0.0	False	False	False	5.0	False	False	No driver
PIK3R6	ENST00000619866	CBIOP_WXS_PRAD_BROAD	PRAD	3	112	oncodriveclustl	combination	0.3971420038496541		60.0	4	ambiguous	False		False	0.0	0.0	False	False	0.0	False	False	False	0.0	False	False	No driver
PLA2G3	ENST00000215885	CBIOP_WXS_PRAD_BROAD	PRAD	2	112	oncodrivefml	combination	0.1074791623088331		96.0	4	ambiguous	False		False	0.0	0.0	False	False	0.0	False	False	False	0.0	False	False	No driver
PLEC	ENST00000345136	CBIOP_WXS_PRAD_BROAD	PRAD	4	112	smregions	combination	0.1692870356525928		19.0	4	ambiguous	False		False	0.0	0.0	False	False	0.0	False	False	False	0.0	False	False	No driver
PLXND1	ENST00000324093	CBIOP_WXS_PRAD_BROAD	PRAD	4	112	smregions,cbase	combination	0.0027096909441999		19.0	3	ambiguous	False		False	0.0	0.0	False	False	0.0	False	False	False	0.0	False	False	No driver
PTEN	ENST00000371953	CBIOP_WXS_PRAD_BROAD	PRAD	7	112	oncodrivefml,cbase,mutpanning,hotmaps	cbase,mutpanning	1.5975722583984403e-05	7.000597536802154e-06	3.0	1	ambiguous	True	1.0	True	0.0	0.0	False	False	0.0	False	False	False	917.0	False	True	PASS
RNF31	ENST00000324103	CBIOP_WXS_PRAD_BROAD	PRAD	3	112	cbase	combination	0.0542933329572334		103.0	4	ambiguous	False		False	0.0	0.0	False	False	0.0	False	False	False	0.0	False	False	No driver
RRBP1	ENST00000377813	CBIOP_WXS_PRAD_BROAD	PRAD	2	112	cbase	combination	0.0256489614173257		106.0	3	ambiguous	False		False	0.0	0.0	False	False	0.0	False	False	False	7.0	False	False	No driver
SCN11A	ENST00000302328	CBIOP_WXS_PRAD_BROAD	PRAD	6	112	oncodrivefml,oncodriveclustl,smregions,cbase,mutpanning	smregions,cbase	1.6064888685198476e-07		5.0	1	ambiguous	False		False	0.1666666666666666	0.0	False	False	0.0	False	True	False	0.0	False	True	Warning artifact
SERPINB13	ENST00000344731	CBIOP_WXS_PRAD_BROAD	PRAD	2	112	oncodriveclustl	combination	0.0773101599441042		45.0	4	ambiguous	False		False	0.0	0.0	False	False	0.0	False	False	False	0.0	False	False	No driver
SKIDA1	ENST00000449193	CBIOP_WXS_PRAD_BROAD	PRAD	2	112	oncodrivefml	combination	0.0030368899653499		76.0	3	ambiguous	False		False	0.0	0.0	False	False	0.0	False	False	False	0.0	False	False	No driver
SPOP	ENST00000504102	CBIOP_WXS_PRAD_BROAD	PRAD	14	112	oncodriveclustl,smregions,cbase,mutpanning,hotmaps	oncodriveclustl,smregions,cbase,mutpanning,hotmaps	1.1998760666567962e-23	3.505255925064798e-24	1.0	1	ambiguous	True	1.0	True	0.0	0.0	False	False	0.0	False	False	False	78.0	False	True	PASS
STAB2	ENST00000388887	CBIOP_WXS_PRAD_BROAD	PRAD	2	112	oncodrivefml	combination	0.0136376743110086		76.0	3	ambiguous	False		False	0.0	0.0	False	False	0.0	False	True	False	0.0	False	False	No driver
SYNE1	ENST00000367255	CBIOP_WXS_PRAD_BROAD	PRAD	4	112	smregions	combination	0.1748992629115124		19.0	4	ambiguous	False		False	0.0	0.0	False	False	0.0	False	True	False	1.0	False	False	No driver
SYNE3	ENST00000682763	CBIOP_WXS_PRAD_BROAD	PRAD	5	112	oncodrivefml,cbase,mutpanning	cbase	0.0123011219831734		14.0	1	ambiguous	False		False	0.0	0.0	False	False	0.0	False	False	False	2.0	False	False	No driver
THSD7B	ENST00000409968	CBIOP_WXS_PRAD_BROAD	PRAD	7	112	oncodriveclustl,cbase	combination	0.0486081919524913		60.0	3	ambiguous	False		False	0.0	0.0	False	False	0.0	False	True	False	0.0	False	False	No driver
TNFSF14	ENST00000675206	CBIOP_WXS_PRAD_BROAD	PRAD	2	112	oncodrivefml	combination	0.0136407856406586		76.0	3	ambiguous	False		False	0.0	0.0	False	False	0.0	False	False	False	0.0	False	False	No driver
TP53	ENST00000269305	CBIOP_WXS_PRAD_BROAD	PRAD	8	112	oncodrivefml,smregions,cbase,mutpanning	smregions	3.448620634731296e-06	1.6791036798317167e-06	7.0	1	ambiguous	True	1.0	True	0.0	0.0	False	False	0.0	False	False	False	1738.0	False	True	PASS
TRAPPC11	ENST00000334690	CBIOP_WXS_PRAD_BROAD	PRAD	2	112	oncodrivefml	combination	0.0192248085036708		76.0	3	ambiguous	False		False	0.0	0.0	False	False	0.0	False	False	False	0.0	False	False	No driver
TRPC7	ENST00000513104	CBIOP_WXS_PRAD_BROAD	PRAD	2	112	oncodrivefml,cbase	combination	0.0136376743110086		66.0	3	ambiguous	False		False	0.0	0.0	False	False	0.0	False	False	False	0.0	False	False	No driver
TTN	ENST00000589042	CBIOP_WXS_PRAD_BROAD	PRAD	18	112	smregions	combination	0.1108214501971725		19.0	4	ambiguous	False		False	0.0	0.0	False	False	1.0	False	False	True	2.0	False	False	No driver
UPF3A	ENST00000375299	CBIOP_WXS_PRAD_BROAD	PRAD	2	112	oncodriveclustl	combination	0.2885623623202389		45.0	4	ambiguous	False		False	0.0	0.0	False	False	0.0	False	False	False	0.0	False	False	No driver
ZNF189	ENST00000339664	CBIOP_WXS_PRAD_BROAD	PRAD	3	112	smregions	smregions	0.0102884564869763		16.0	1	ambiguous	False		False	0.0	0.0	False	False	0.0	False	False	False	0.0	False	False	No driver
ZNF236	ENST00000320610	CBIOP_WXS_PRAD_BROAD	PRAD	4	112	smregions	combination	0.1108214501971725		19.0	4	ambiguous	False		False	0.0	0.0	False	False	0.0	False	False	False	0.0	False	False	No driver
ZNF595	ENST00000610261	CBIOP_WXS_PRAD_BROAD	PRAD	4	112	smregions	combination	0.027317235521742		19.0	3	ambiguous	False		False	0.0	0.0	False	False	0.0	False	False	False	0.0	False	False	No driver
