ENSEMBL_GENE	SYMBOL	ENSEMBL_PROTEIN	ENSEMBL_TRANSCRIPT
ENSG00000117713	ARID1A	ENSP00000320485	ENST00000324856
ENSG00000134250	NOTCH2	ENSP00000256646	ENST00000256646
ENSG00000156650	KAT6B	ENSP00000287239	ENST00000287239
ENSG00000171862	PTEN	ENSP00000361021	ENST00000371953
ENSG00000165323	FAT3	ENSP00000432586	ENST00000525166
ENSG00000149311	ATM	ENSP00000501606	ENST00000675843
ENSG00000167548	KMT2D	ENSP00000301067	ENST00000301067
ENSG00000129514	FOXA1	ENSP00000250448	ENST00000250448
ENSG00000121067	SPOP	ENSP00000425905	ENST00000504102
ENSG00000141510	TP53	ENSP00000269305	ENST00000269305
ENSG00000088038	CNOT3	ENSP00000221232	ENST00000221232
ENSG00000066032	CTNNA2	ENSP00000384638	ENST00000402739
ENSG00000196159	FAT4	ENSP00000377862	ENST00000394329
ENSG00000055609	KMT2C	ENSP00000262189	ENST00000262189
ENSG00000184634	MED12	ENSP00000363193	ENST00000374080
