{
    "consequence": {
        "missense_variant": 3760,
        "synonymous_variant": 1473,
        "stop_gained": 227,
        "frameshift_variant": 47,
        "splice_donor_variant": 46,
        "inframe_deletion": 36,
        "splice_region_variant": 36,
        "stop_retained_variant": 3,
        "inframe_insertion": 13,
        "splice_acceptor_variant": 25,
        "start_lost": 4
    },
    "chromosomes": {
        "1": 614,
        "2": 392,
        "3": 349,
        "4": 229,
        "5": 307,
        "6": 290,
        "7": 225,
        "8": 195,
        "9": 242,
        "10": 206,
        "11": 399,
        "12": 293,
        "13": 108,
        "14": 176,
        "15": 159,
        "16": 211,
        "17": 353,
        "18": 89,
        "19": 362,
        "20": 134,
        "21": 63,
        "22": 103,
        "X": 167,
        "Y": 4
    },
    "genes": {
        "KLHL17": 1,
        "INTS11": 1,
        "CCNL2": 1,
        "MIB2": 1,
        "NADK": 1,
        "FAAP20": 1,
        "SKI": 1,
        "PLCH2": 1,
        "MMEL1": 1,
        "ACTRT2": 1,
        "PRDM16": 1,
        "CCDC27": 1,
        "DFFB": 1,
        "AJAP1": 1,
        "CHD5": 3,
        "ACOT7": 1,
        "PLEKHG5": 1,
        "KLHL21": 1,
        "CAMTA1": 1,
        "SLC45A1": 2,
        "CA6": 1,
        "SLC2A7": 1,
        "SLC25A33": 1,
        "CLSTN1": 1,
        "KIF1B": 2,
        "PEX14": 1,
        "CASZ1": 3,
        "C1orf127": 1,
        "EXOSC10": 1,
        "MTOR": 1,
        "UBIAD1": 1,
        "DISP3": 4,
        "FBXO44": 1,
        "MTHFR": 1,
        "CLCN6": 2,
        "KIAA2013": 1,
        "MFN2": 1,
        "MIIP": 1,
        "VPS13D": 4,
        "AADACL3": 1,
        "HNRNPCL1": 1,
        "PRAMEF2": 3,
        "PRAMEF4": 1,
        "KAZN": 2,
        "TMEM51": 1,
        "CASP9": 1,
        "TMEM82": 1,
        "FBLIM1": 2,
        "SPEN": 1,
        "ZBTB17": 1,
        "CLCNKB": 1,
        "FAM131C": 1,
        "EPHA2": 1,
        "ARHGEF19": 1,
        "CROCC": 1,
        "PADI1": 2,
        "PADI3": 1,
        "ARHGEF10L": 1,
        "IGSF21": 2,
        "TAS1R2": 1,
        "UBR4": 4,
        "CDA": 1,
        "KIF17": 1,
        "SH2D5": 1,
        "EIF4G3": 2,
        "ECE1": 1,
        "ALPL": 1,
        "USP48": 2,
        "HSPG2": 1,
        "EPHA8": 1,
        "C1QC": 1,
        "C1QB": 1,
        "EPHB2": 1,
        "KDM1A": 1,
        "ELOA": 1,
        "HMGCL": 1,
        "GRHL3": 1,
        "MAN1C1": 1,
        "SELENON": 1,
        "MTFR1L": 1,
        "TRIM63": 1,
        "ZNF593": 1,
        "CNKSR1": 1,
        "RPS6KA1": 1,
        "ARID1A": 2,
        "TMEM222": 1,
        "MECR": 1,
        "PTPRU": 1,
        "PUM1": 1,
        "COL16A1": 2,
        "TMEM39B": 2,
        "DCDC2B": 1,
        "RBBP4": 1,
        "PHC2": 1,
        "CSMD2": 2,
        "DLGAP3": 1,
        "ZMYM6": 1,
        "ZMYM1": 1,
        "SFPQ": 1,
        "KIAA0319L": 1,
        "AGO1": 1,
        "MAP7D1": 1,
        "OSCP1": 1,
        "GRIK3": 2,
        "GNL2": 2,
        "EPHA10": 1,
        "MANEAL": 1,
        "MTF1": 1,
        "SF3A3": 1,
        "MACF1": 1,
        "RLF": 1,
        "ZFP69B": 1,
        "HIVEP3": 1,
        "CCDC30": 1,
        "ZNF691": 1,
        "CFAP57": 1,
        "CDC20": 1,
        "ELOVL1": 1,
        "SZT2": 2,
        "KDM4A": 1,
        "DPH2": 1,
        "DMAP1": 1,
        "PLK3": 1,
        "PTCH2": 1,
        "HECTD3": 1,
        "PIK3R3": 2,
        "NSUN4": 1,
        "DMBX1": 1,
        "MOB3C": 2,
        "CYP4A11": 2,
        "CYP4A22": 1,
        "PDZK1IP1": 1,
        "FOXE3": 1,
        "CDKN2C": 1,
        "TTC39A": 2,
        "EPS15": 1,
        "OSBPL9": 2,
        "ZYG11B": 2,
        "ECHDC2": 1,
        "PODN": 2,
        "SLC1A7": 1,
        "LRP8": 1,
        "CDCP2": 1,
        "MROH7": 1,
        "PARS2": 2,
        "USP24": 1,
        "C8A": 1,
        "OMA1": 1,
        "PATJ": 1,
        "KANK4": 3,
        "USP1": 1,
        "DOCK7": 3,
        "ATG4C": 1,
        "ALG6": 1,
        "CACHD1": 1,
        "DNAJC6": 1,
        "PDE4B": 2,
        "IL12RB2": 1,
        "DEPDC1": 2,
        "LRRC40": 1,
        "SRSF11": 1,
        "CTH": 1,
        "NEGR1": 1,
        "FPGT": 1,
        "ERICH3": 3,
        "TYW3": 1,
        "SLC44A5": 1,
        "ST6GALNAC3": 1,
        "PIGK": 1,
        "AK5": 1,
        "ZZZ3": 1,
        "USP33": 2,
        "NEXN": 1,
        "GIPC2": 1,
        "PTGFR": 1,
        "MCOLN3": 1,
        "CLCA4": 1,
        "PKN2": 1,
        "GBP5": 1,
        "LRRC8B": 2,
        "LRRC8C": 1,
        "BARHL2": 1,
        "EVI5": 1,
        "RPL5": 1,
        "DNTTIP2": 2,
        "SLC44A3": 1,
        "CNN3": 1,
        "DPYD": 2,
        "PLPPR4": 1,
        "PALMD": 1,
        "AGL": 1,
        "TRMT13": 1,
        "DBT": 1,
        "COL11A1": 2,
        "HENMT1": 1,
        "AKNAD1": 2,
        "SARS1": 1,
        "SORT1": 1,
        "CYB561D1": 1,
        "AMPD2": 1,
        "CSF1": 1,
        "SLC6A17": 1,
        "CHI3L2": 1,
        "CTTNBP2NL": 1,
        "CAPZA1": 1,
        "MOV10": 1,
        "AP4B1": 1,
        "OLFML3": 1,
        "MAB21L3": 2,
        "ATP1A1": 1,
        "PTGFRN": 3,
        "CD101": 1,
        "SPAG17": 2,
        "WARS2": 1,
        "HSD3B1": 1,
        "HMGCS2": 1,
        "NOTCH2": 3,
        "ACP6": 1,
        "GJA5": 1,
        "GJA8": 1,
        "H2BC18": 1,
        "SV2A": 2,
        "SF3B4": 1,
        "VPS45": 1,
        "CA14": 1,
        "RPRD2": 1,
        "ECM1": 2,
        "ADAMTSL4": 1,
        "SETDB1": 1,
        "C1orf56": 1,
        "SCNM1": 2,
        "PI4KB": 1,
        "RFX5": 1,
        "PSMB4": 1,
        "POGZ": 1,
        "CGN": 1,
        "TUFT1": 1,
        "CELF3": 1,
        "THEM5": 1,
        "TCHHL1": 1,
        "TCHH": 2,
        "RPTN": 1,
        "FLG": 8,
        "FLG2": 4,
        "LCE3B": 1,
        "LCE2C": 1,
        "LCE2B": 1,
        "KPRP": 1,
        "SPRR4": 1,
        "S100A16": 1,
        "NPR1": 1,
        "GATAD2B": 1,
        "DENND4B": 1,
        "CREB3L4": 2,
        "NUP210L": 1,
        "HAX1": 1,
        "ADAR": 2,
        "KCNN3": 3,
        "SHC1": 2,
        "ZBTB7B": 1,
        "DCST1": 1,
        "THBS3": 1,
        "FDPS": 1,
        "ASH1L": 1,
        "DAP3": 2,
        "GON4L": 1,
        "SEMA4A": 2,
        "IQGAP3": 1,
        "NAXE": 1,
        "INSRR": 2,
        "ARHGEF11": 2,
        "FCRL5": 1,
        "FCRL3": 3,
        "FCRL2": 3,
        "FCRL1": 1,
        "KIRREL1": 1,
        "CD1D": 2,
        "CD1A": 4,
        "CD1B": 2,
        "CD1E": 2,
        "OR10R2": 1,
        "SPTA1": 8,
        "OR6K3": 1,
        "OR6K6": 1,
        "OR6N1": 2,
        "MNDA": 3,
        "IFI16": 1,
        "CADM3": 1,
        "FCER1A": 1,
        "OR10J5": 1,
        "IGSF9": 2,
        "ATP1A4": 3,
        "PEX19": 2,
        "COPA": 1,
        "SLAMF7": 1,
        "NIT1": 1,
        "USP21": 1,
        "ADAMTS4": 1,
        "NDUFS2": 1,
        "HSPA6": 1,
        "OLFML2B": 2,
        "ALDH9A1": 1,
        "GPA33": 1,
        "STYXL2": 1,
        "RCSD1": 2,
        "MPZL1": 1,
        "ADCY10": 1,
        "GPR161": 1,
        "BLZF1": 1,
        "CCDC181": 1,
        "F5": 3,
        "KIFAP3": 1,
        "GORAB": 1,
        "PRRX1": 1,
        "MROH9": 1,
        "FMO1": 1,
        "C1orf105": 1,
        "SLC9C2": 1,
        "ZBTB37": 1,
        "RC3H1": 1,
        "GPR52": 1,
        "TNN": 3,
        "TNR": 3,
        "COP1": 1,
        "PAPPA2": 2,
        "ASTN1": 1,
        "ABL2": 1,
        "SOAT1": 1,
        "CEP350": 1,
        "CACNA1E": 4,
        "ZNF648": 1,
        "SMG7": 2,
        "NCF2": 1,
        "RGL1": 1,
        "EDEM3": 1,
        "SWT1": 1,
        "IVNS1ABP": 1,
        "HMCN1": 11,
        "PRG4": 1,
        "TPR": 1,
        "BRINP3": 1,
        "RO60": 1,
        "CFH": 2,
        "CFHR3": 1,
        "F13B": 1,
        "ASPM": 2,
        "NEK7": 1,
        "PTPRC": 1,
        "NR5A2": 1,
        "ZNF281": 1,
        "KIF14": 1,
        "INAVA": 1,
        "CACNA1S": 1,
        "LAD1": 1,
        "IPO9": 1,
        "LGR6": 1,
        "KDM5B": 1,
        "ADIPOR1": 2,
        "ADORA1": 2,
        "FMOD": 1,
        "ATP2B4": 1,
        "LAX1": 1,
        "SOX13": 1,
        "PLEKHA6": 1,
        "PIK3C2B": 1,
        "MDM4": 1,
        "LRRN2": 2,
        "NFASC": 1,
        "CNTN2": 3,
        "RBBP5": 1,
        "NUAK2": 2,
        "KLHDC8A": 1,
        "SLC45A3": 3,
        "SRGAP2": 1,
        "PIGR": 1,
        "CR1": 2,
        "LAMB3": 1,
        "KCNH1": 2,
        "RCOR3": 1,
        "PACC1": 1,
        "GARIN4": 2,
        "BATF3": 1,
        "FLVCR1": 1,
        "RPS6KC1": 1,
        "PROX1": 1,
        "CENPF": 1,
        "USH2A": 3,
        "EPRS1": 1,
        "IARS2": 3,
        "RAB3GAP2": 2,
        "MTARC2": 1,
        "HHIPL2": 1,
        "MIA3": 1,
        "FAM177B": 1,
        "DISP1": 1,
        "CAPN2": 1,
        "NVL": 1,
        "EPHX1": 1,
        "LEFTY2": 2,
        "LIN9": 1,
        "COQ8A": 1,
        "CDC42BPA": 1,
        "PRSS38": 1,
        "GUK1": 1,
        "IBA57": 1,
        "OBSCN": 5,
        "H3-4": 1,
        "ACTA1": 1,
        "ABCB10": 1,
        "TAF5L": 1,
        "PGBD5": 2,
        "COG2": 1,
        "AGT": 1,
        "C1orf198": 2,
        "TRIM67": 1,
        "EXOC8": 1,
        "SPRTN": 1,
        "SIPA1L2": 1,
        "MAP10": 1,
        "MAP3K21": 2,
        "TARBP1": 1,
        "TOMM20": 1,
        "TBCE": 1,
        "NID1": 2,
        "GPR137B": 1,
        "LGALS8": 1,
        "ACTN2": 1,
        "MTR": 1,
        "RYR2": 3,
        "FMN2": 6,
        "RGS7": 1,
        "WDR64": 1,
        "MAP1LC3C": 1,
        "AKT3": 1,
        "ZBTB18": 1,
        "CATSPERE": 1,
        "HNRNPU": 2,
        "KIF26B": 1,
        "NLRP3": 1,
        "OR2B11": 2,
        "OR2W3": 1,
        "OR2T8": 1,
        "OR2L8": 1,
        "OR2L3": 1,
        "OR2T12": 1,
        "OR2T6": 2,
        "OR2T1": 1,
        "OR2T35": 1,
        "ACP1": 1,
        "TPO": 1,
        "PXDN": 2,
        "MYT1L": 1,
        "EIPR1": 1,
        "RNASEH1": 2,
        "ALLC": 1,
        "ID2": 1,
        "KIDINS220": 1,
        "ASAP2": 2,
        "ITGB1BP1": 1,
        "CPSF3": 1,
        "TAF1B": 1,
        "HPCAL1": 1,
        "ODC1": 1,
        "LPIN1": 1,
        "NBAS": 5,
        "MYCN": 1,
        "RAD51AP2": 1,
        "SMC6": 1,
        "KCNS3": 1,
        "WDR35": 1,
        "PUM2": 1,
        "APOB": 1,
        "ATAD2B": 1,
        "NCOA1": 1,
        "ADCY3": 3,
        "ASXL2": 3,
        "ADGRF3": 1,
        "OTOF": 3,
        "DPYSL5": 1,
        "PRR30": 1,
        "PPM1G": 1,
        "FOSL2": 1,
        "PLB1": 1,
        "TOGARAM2": 1,
        "PCARE": 3,
        "YPEL5": 1,
        "XDH": 2,
        "SPAST": 1,
        "BIRC6": 3,
        "FAM98A": 1,
        "VIT": 1,
        "HEATR5B": 1,
        "PRKD3": 1,
        "CDC42EP3": 1,
        "DHX57": 2,
        "MAP4K3": 1,
        "THADA": 1,
        "PLEKHH2": 1,
        "ABCG5": 1,
        "SIX2": 1,
        "EPAS1": 1,
        "ATP6V1E2": 1,
        "MSH2": 1,
        "MSH6": 1,
        "FOXN2": 1,
        "STON1": 1,
        "GTF2A1L": 1,
        "PSME4": 1,
        "SPTBN1": 1,
        "RTN4": 1,
        "PPP4R3B": 1,
        "EFEMP1": 2,
        "CCDC85A": 1,
        "PAPOLG": 1,
        "PEX13": 1,
        "USP34": 3,
        "XPO1": 1,
        "EHBP1": 1,
        "OTX1": 1,
        "AFTPH": 1,
        "SLC1A4": 1,
        "ACTR2": 1,
        "MEIS1": 1,
        "AAK1": 2,
        "CLEC4F": 1,
        "ALMS1": 2,
        "NAT8": 1,
        "C2orf78": 1,
        "DCTN1": 1,
        "INO80B": 1,
        "CCDC142": 1,
        "M1AP": 1,
        "HK2": 1,
        "LRRTM4": 1,
        "LRRTM1": 1,
        "CTNNA2": 4,
        "TRABD2A": 1,
        "TGOLN2": 1,
        "RETSAT": 1,
        "USP39": 1,
        "SFTPB": 1,
        "IMMT": 1,
        "CHMP3": 1,
        "CD8A": 1,
        "SMYD1": 2,
        "FABP1": 1,
        "THNSL2": 2,
        "SPMIP9": 1,
        "EIF2AK3": 1,
        "MAL": 1,
        "KCNIP3": 1,
        "SNRNP200": 2,
        "ITPRIPL1": 1,
        "NCAPH": 1,
        "CNNM4": 1,
        "TMEM131": 1,
        "CNGA3": 2,
        "INPP4A": 2,
        "TSGA10": 1,
        "REV1": 2,
        "AFF3": 1,
        "LONRF2": 1,
        "IL18RAP": 1,
        "TGFBRAP1": 1,
        "ST6GAL2": 2,
        "RANBP2": 2,
        "EDAR": 1,
        "ACOXL": 2,
        "ANAPC1": 1,
        "ZC3H6": 1,
        "IL36G": 1,
        "FOXD4L1": 1,
        "RABL2A": 1,
        "SLC35F5": 1,
        "DPP10": 1,
        "DDX18": 1,
        "MARCO": 1,
        "TMEM37": 2,
        "SCTR": 1,
        "CFAP221": 1,
        "RALB": 1,
        "GLI2": 1,
        "CLASP1": 1,
        "CNTNAP5": 2,
        "MYO7B": 1,
        "GPR17": 1,
        "WDR33": 1,
        "AMMECR1L": 1,
        "SAP130": 1,
        "PTPN18": 1,
        "AMER3": 1,
        "PLEKHB2": 1,
        "GPR39": 2,
        "NCKAP5": 1,
        "CCNT2": 1,
        "MAP3K19": 1,
        "MCM6": 1,
        "THSD7B": 7,
        "LRP1B": 5,
        "KYNU": 1,
        "ZEB2": 5,
        "KIF5C": 1,
        "RIF1": 1,
        "NEB": 4,
        "CACNB4": 1,
        "PRPF40A": 1,
        "RPRM": 1,
        "GALNT13": 1,
        "KCNJ3": 1,
        "NR4A2": 1,
        "GALNT5": 1,
        "UPP2": 2,
        "TANC1": 1,
        "WDSUB1": 1,
        "TANK": 1,
        "PSMD14": 1,
        "TBR1": 1,
        "FAP": 1,
        "IFIH1": 1,
        "KCNH7": 1,
        "SCN3A": 1,
        "SCN2A": 1,
        "SCN1A": 6,
        "SCN9A": 5,
        "SCN7A": 1,
        "XIRP2": 4,
        "CERS6": 1,
        "LRP2": 1,
        "FASTKD1": 1,
        "UBR3": 1,
        "SP5": 1,
        "DCAF17": 1,
        "DLX1": 1,
        "ITGA6": 1,
        "GPR155": 1,
        "CHRNA1": 1,
        "CHN1": 1,
        "IFT70A": 1,
        "OSBPL6": 1,
        "TTN": 18,
        "NEUROD1": 1,
        "ITPRID2": 1,
        "FRZB": 1,
        "ITGAV": 1,
        "FAM171B": 1,
        "ZSWIM2": 3,
        "COL5A2": 1,
        "SLC40A1": 1,
        "MFSD6": 1,
        "STAT4": 1,
        "SLC39A10": 1,
        "DNAH7": 1,
        "HECW2": 1,
        "SF3B1": 1,
        "MARS2": 2,
        "PLCL1": 1,
        "SATB2": 1,
        "SPATS2L": 1,
        "KCTD18": 1,
        "SGO2": 1,
        "AOX1": 1,
        "CASP8": 1,
        "ALS2": 1,
        "WDR12": 1,
        "CARF": 1,
        "ABI2": 1,
        "CD28": 1,
        "NRP2": 2,
        "INO80D": 1,
        "ADAM23": 1,
        "CREB1": 1,
        "PLEKHM3": 2,
        "IDH1": 3,
        "PTH2R": 1,
        "ACADL": 1,
        "ERBB4": 1,
        "SPAG16": 1,
        "BARD1": 2,
        "ABCA12": 1,
        "FN1": 1,
        "XRCC5": 1,
        "CXCR1": 1,
        "VIL1": 1,
        "USP37": 1,
        "CNOT9": 2,
        "BCS1L": 1,
        "RNF25": 1,
        "CYP27A1": 1,
        "CRYBA2": 1,
        "CFAP65": 3,
        "RETREG2": 1,
        "GLB1L": 2,
        "TUBA4A": 1,
        "PTPRN": 1,
        "DNPEP": 1,
        "SPEG": 4,
        "GMPPA": 1,
        "OBSL1": 2,
        "ACSL3": 1,
        "SCG2": 1,
        "WDFY1": 1,
        "DOCK10": 1,
        "NYAP2": 2,
        "IRS1": 1,
        "COL4A4": 2,
        "SPHKAP": 2,
        "PID1": 1,
        "DNER": 1,
        "B3GNT7": 1,
        "NCL": 1,
        "DIS3L2": 1,
        "ALPI": 1,
        "GIGYF2": 1,
        "USP40": 1,
        "UGT1A7": 1,
        "HJURP": 1,
        "SPP2": 1,
        "SH3BP4": 1,
        "IQCA1": 1,
        "COL6A3": 3,
        "SCLY": 1,
        "KLHL30": 1,
        "ILKAP": 1,
        "PER2": 1,
        "OR6B2": 1,
        "OR6B3": 1,
        "KIF1A": 2,
        "PASK": 2,
        "HDLBP": 1,
        "GAL3ST2": 1,
        "NEU4": 1,
        "CHL1": 2,
        "CNTN6": 2,
        "CNTN4": 1,
        "ITPR1": 4,
        "EDEM1": 2,
        "GRM7": 1,
        "THUMPD3": 1,
        "SETD5": 1,
        "CPNE9": 1,
        "BRPF1": 1,
        "TTLL3": 1,
        "TATDN2": 1,
        "ATP2B2": 2,
        "SLC6A1": 2,
        "VGLL4": 1,
        "MKRN2": 1,
        "RAF1": 1,
        "NUP210": 1,
        "FBLN2": 1,
        "CHCHD4": 1,
        "TMEM43": 1,
        "XPC": 1,
        "SLC6A6": 1,
        "GRIP2": 1,
        "FGD5": 1,
        "NR2C2": 1,
        "METTL6": 1,
        "BTD": 1,
        "RFTN1": 1,
        "DAZL": 2,
        "PLCL2": 1,
        "KCNH8": 1,
        "KAT2B": 1,
        "ZNF385D": 1,
        "THRB": 1,
        "NEK10": 1,
        "EOMES": 1,
        "AZI2": 1,
        "RBMS3": 1,
        "STT3B": 1,
        "TRIM71": 1,
        "TMPPE": 1,
        "CRTAP": 1,
        "ARPP21": 3,
        "TRANK1": 1,
        "LRRFIP2": 1,
        "GOLGA4": 1,
        "VILL": 1,
        "ACAA1": 1,
        "XYLB": 1,
        "EXOG": 1,
        "SCN5A": 2,
        "SCN10A": 3,
        "SCN11A": 6,
        "WDR48": 1,
        "TTC21A": 1,
        "RPSA": 1,
        "ENTPD3": 1,
        "ULK4": 2,
        "SS18L2": 1,
        "KLHL40": 1,
        "HHATL": 2,
        "CCDC13": 1,
        "CYP8B1": 2,
        "POMGNT2": 1,
        "SNRK": 1,
        "ANO10": 2,
        "TCAIM": 1,
        "ZNF35": 1,
        "ZNF502": 1,
        "ZNF501": 1,
        "KIF15": 3,
        "LZTFL1": 1,
        "FYCO1": 2,
        "XCR1": 1,
        "LTF": 1,
        "SETD2": 1,
        "PTPN23": 1,
        "CSPG5": 1,
        "SMARCC1": 1,
        "DHX30": 1,
        "CDC25A": 1,
        "COL7A1": 1,
        "UQCRC1": 2,
        "CELSR3": 1,
        "NCKIPSD": 1,
        "WDR6": 1,
        "QARS1": 2,
        "LAMB2": 1,
        "USP4": 1,
        "BSN": 2,
        "MST1R": 1,
        "RBM6": 1,
        "RBM5": 1,
        "GNAI2": 1,
        "LSMEM2": 1,
        "HYAL1": 1,
        "HYAL2": 1,
        "NPRL2": 1,
        "TMEM115": 1,
        "CACNA2D2": 2,
        "MAPKAPK3": 1,
        "DOCK3": 1,
        "GRM2": 1,
        "IQCF3": 1,
        "IQCF1": 1,
        "PPM1M": 1,
        "DNAH1": 3,
        "BAP1": 1,
        "STAB1": 1,
        "PBRM1": 2,
        "ITIH1": 2,
        "ITIH3": 3,
        "ITIH4": 1,
        "CACNA1D": 2,
        "SELENOK": 1,
        "LRTM1": 1,
        "WNT5A": 1,
        "TASOR": 1,
        "ARHGEF3": 1,
        "HESX1": 1,
        "APPL1": 1,
        "FLNB": 1,
        "ABHD6": 1,
        "FAM107A": 2,
        "CFAP20DC": 1,
        "PTPRG": 2,
        "CADPS": 1,
        "PRICKLE2": 1,
        "KBTBD8": 1,
        "TMF1": 1,
        "FRMD4B": 2,
        "FOXP1": 1,
        "SHQ1": 1,
        "PDZRN3": 1,
        "ROBO2": 2,
        "EPHA3": 2,
        "STX19": 1,
        "OR5AC2": 1,
        "OR5H15": 1,
        "OR5K3": 1,
        "TBC1D23": 1,
        "NIT2": 2,
        "ABI3BP": 1,
        "NFKBIZ": 1,
        "IFT57": 1,
        "DZIP3": 2,
        "TRAT1": 1,
        "MORC1": 3,
        "SLC9C1": 1,
        "CCDC80": 2,
        "CD200R1L": 1,
        "CD200R1": 1,
        "NEPRO": 2,
        "BOC": 1,
        "SIDT1": 1,
        "ZNF80": 1,
        "TIGIT": 1,
        "IGSF11": 1,
        "PLA1A": 1,
        "POPDC2": 1,
        "GSK3B": 2,
        "STXBP5L": 2,
        "POLQ": 3,
        "FBXO40": 1,
        "PARP15": 2,
        "PARP14": 1,
        "SLC49A4": 1,
        "PDIA5": 1,
        "MYLK": 1,
        "KALRN": 3,
        "ITGB5": 1,
        "MUC13": 1,
        "ZNF148": 1,
        "ALDH1L1": 1,
        "PLXNA1": 1,
        "SEC61A1": 2,
        "GATA2": 1,
        "PLXND1": 4,
        "TRH": 1,
        "COL6A6": 1,
        "PIK3R4": 1,
        "ATP2C1": 1,
        "ASTE1": 1,
        "CPNE4": 2,
        "NPHP3": 1,
        "SLCO2A1": 1,
        "AMOTL2": 1,
        "CEP63": 2,
        "EPHB1": 5,
        "STAG1": 1,
        "PRR23B": 1,
        "MRPS22": 1,
        "COPB2": 1,
        "RBP2": 1,
        "TRIM42": 5,
        "XRN1": 2,
        "ZIC1": 1,
        "WWTR1": 1,
        "COMMD2": 1,
        "ERICH6": 2,
        "P2RY14": 1,
        "P2RY12": 1,
        "MED12L": 3,
        "IGSF10": 2,
        "AADAC": 2,
        "SUCNR1": 1,
        "P2RY1": 1,
        "RAP2B": 1,
        "DHX36": 1,
        "GPR149": 1,
        "MME": 1,
        "PLCH1": 1,
        "KPNA4": 2,
        "SI": 3,
        "SLITRK3": 2,
        "SERPINI2": 1,
        "WDR49": 1,
        "MECOM": 2,
        "ACTRT3": 1,
        "TNIK": 1,
        "FNDC3B": 1,
        "NCEH1": 1,
        "ECT2": 1,
        "SPATA16": 1,
        "ZMAT3": 1,
        "PIK3CA": 5,
        "GNB4": 1,
        "PEX5L": 1,
        "ATP11B": 1,
        "MCCC1": 1,
        "MCF2L2": 2,
        "YEATS2": 1,
        "PARL": 1,
        "ABCC5": 1,
        "HTR3C": 1,
        "DVL3": 1,
        "AP2M1": 1,
        "ABCF3": 2,
        "ECE2": 1,
        "PSMD2": 1,
        "THPO": 1,
        "CHRD": 1,
        "EHHADH": 1,
        "MAP3K13": 1,
        "CRYGS": 1,
        "AHSG": 1,
        "EIF4A2": 1,
        "RFC4": 1,
        "MASP1": 1,
        "ATP13A5": 1,
        "ATP13A4": 2,
        "MUC4": 5,
        "UBXN7": 1,
        "PAK2": 1,
        "PIGZ": 1,
        "DLG1": 1,
        "RPL35A": 1,
        "ZNF595": 4,
        "ZNF721": 1,
        "PIGG": 1,
        "PDE6B": 1,
        "FGFRL1": 1,
        "MAEA": 1,
        "TACC3": 1,
        "LETM1": 1,
        "HAUS3": 1,
        "ZFYVE28": 1,
        "ADD1": 1,
        "LRPAP1": 1,
        "OTOP1": 1,
        "ZBTB49": 1,
        "MSX1": 1,
        "EVC2": 2,
        "JAKMIP1": 1,
        "WFS1": 1,
        "PPP2R2C": 1,
        "MAN2B2": 1,
        "KIAA0232": 2,
        "TADA2B": 2,
        "SORCS2": 1,
        "ABLIM2": 1,
        "GPR78": 1,
        "DRD5": 4,
        "NKX3-2": 1,
        "BOD1L1": 1,
        "CPEB2": 1,
        "FBXL5": 1,
        "FGFBP1": 2,
        "TAPT1": 1,
        "SLIT2": 1,
        "ANAPC4": 1,
        "ARAP2": 1,
        "TBC1D1": 1,
        "KLHL5": 1,
        "WDR19": 1,
        "RFC1": 1,
        "PDS5A": 3,
        "CHRNA9": 2,
        "RBM47": 2,
        "KCTD8": 1,
        "GUF1": 1,
        "GABRG1": 2,
        "GABRA2": 1,
        "GABRA4": 2,
        "GABRB1": 1,
        "ATP10D": 2,
        "NFXL1": 1,
        "TEC": 1,
        "SLC10A4": 1,
        "FRYL": 1,
        "LRRC66": 1,
        "PDGFRA": 2,
        "SRD5A3": 1,
        "CLOCK": 1,
        "CRACD": 2,
        "AASDH": 1,
        "REST": 1,
        "POLR2B": 2,
        "TECRL": 1,
        "TMPRSS11A": 1,
        "YTHDC1": 1,
        "UGT2B11": 1,
        "SULT1B1": 1,
        "AMTN": 1,
        "ENAM": 1,
        "UTP3": 2,
        "RUFY3": 1,
        "ADAMTS3": 1,
        "NUP54": 2,
        "SCARB2": 2,
        "STBD1": 1,
        "CCDC158": 1,
        "CCNI": 1,
        "CNOT6L": 1,
        "FRAS1": 4,
        "BMP2K": 1,
        "GK2": 1,
        "HPSE": 1,
        "WDFY3": 1,
        "ARHGAP24": 1,
        "MAPK10": 1,
        "ABCG2": 1,
        "GRID2": 1,
        "PDHA2": 1,
        "ADH5": 1,
        "MTTP": 1,
        "MANBA": 2,
        "SLC9B2": 1,
        "NPNT": 2,
        "TBCK": 1,
        "DKK2": 1,
        "SGMS2": 1,
        "EGF": 1,
        "ENPEP": 1,
        "ZGRF1": 1,
        "ANK2": 3,
        "ARSJ": 1,
        "NDST4": 3,
        "TRAM1L1": 1,
        "METTL14": 1,
        "SYNPO2": 1,
        "BLTP1": 1,
        "BBS12": 1,
        "ANKRD50": 1,
        "FAT4": 8,
        "MFSD8": 1,
        "ABHD18": 2,
        "LARP1B": 1,
        "PCDH10": 1,
        "NAA15": 1,
        "MAML3": 3,
        "TBC1D9": 3,
        "INPP4B": 1,
        "GAB1": 1,
        "HHIP": 1,
        "ABCE1": 1,
        "SMAD1": 2,
        "ZNF827": 2,
        "ARHGAP10": 1,
        "NR3C2": 2,
        "LRBA": 3,
        "TMEM131L": 2,
        "RNF175": 2,
        "SFRP2": 1,
        "DCHS2": 6,
        "FGB": 1,
        "FGA": 2,
        "FGG": 1,
        "MAP9": 1,
        "GUCY1A1": 1,
        "GRIA2": 1,
        "ETFDH": 1,
        "FSTL5": 1,
        "MARCHF1": 1,
        "TMEM192": 1,
        "TLL1": 1,
        "PALLD": 3,
        "SH3RF1": 2,
        "HAND2": 1,
        "HPGD": 1,
        "ADAM29": 2,
        "GPM6A": 1,
        "WDR17": 1,
        "VEGFC": 1,
        "TENM3": 2,
        "CLDN22": 1,
        "TRAPPC11": 2,
        "CASP3": 1,
        "SLC25A4": 1,
        "SNX25": 1,
        "SORBS2": 2,
        "KLKB1": 1,
        "F11": 1,
        "FAT1": 8,
        "TRIML2": 1,
        "PLEKHG4B": 2,
        "SDHA": 1,
        "SLC9A3": 1,
        "BRD9": 2,
        "SLC12A7": 1,
        "SLC6A19": 2,
        "SLC6A18": 1,
        "CLPTM1L": 1,
        "SLC6A3": 1,
        "IRX4": 1,
        "IRX1": 1,
        "NSUN2": 1,
        "ADCY2": 2,
        "FASTKD3": 1,
        "MTRR": 2,
        "SEMA5A": 4,
        "CCT5": 1,
        "CTNND2": 1,
        "DNAH5": 1,
        "TRIO": 2,
        "FBXL7": 1,
        "ZNF622": 1,
        "RETREG1": 1,
        "CDH18": 1,
        "CDH12": 1,
        "PRDM9": 1,
        "CDH9": 1,
        "CDH6": 2,
        "GOLPH3": 1,
        "NPR3": 1,
        "TARS1": 1,
        "ADAMTS12": 1,
        "C1QTNF3": 1,
        "TTC23L": 2,
        "AGXT2": 1,
        "SPEF2": 2,
        "LMBRD2": 1,
        "EGFLAM": 1,
        "OSMR": 1,
        "RICTOR": 1,
        "C9": 2,
        "DAB2": 1,
        "PTGER4": 1,
        "CARD6": 1,
        "MROH2B": 1,
        "C6": 1,
        "RIMOC1": 1,
        "HCN1": 1,
        "MOCS2": 1,
        "GPX8": 1,
        "IL6ST": 2,
        "PLK2": 2,
        "ADAMTS6": 2,
        "SREK1": 1,
        "MAST4": 1,
        "PIK3R1": 1,
        "SLC30A5": 1,
        "BDP1": 1,
        "TNPO1": 1,
        "TMEM171": 1,
        "FAM169A": 1,
        "POLK": 1,
        "POC5": 2,
        "SV2C": 1,
        "IQGAP2": 1,
        "AP3B1": 1,
        "HOMER1": 1,
        "ZFYVE16": 1,
        "ANKRD34B": 1,
        "ATG10": 1,
        "XRCC4": 1,
        "VCAN": 6,
        "EDIL3": 3,
        "MEF2C": 2,
        "POLR3G": 1,
        "KIAA0825": 1,
        "SLF1": 1,
        "ELL2": 1,
        "PCSK1": 2,
        "ERAP2": 1,
        "RIOK2": 1,
        "CHD1": 2,
        "SLCO4C1": 4,
        "SLCO6A1": 1,
        "PAM": 2,
        "TSLP": 1,
        "WDR36": 1,
        "CAMK4": 1,
        "EPB41L4A": 1,
        "APC": 4,
        "MCC": 2,
        "YTHDC2": 2,
        "KCNN2": 1,
        "LVRN": 1,
        "SEMA6A": 1,
        "DMXL1": 2,
        "FAM170A": 1,
        "PRR16": 1,
        "SNCAIP": 1,
        "CEP120": 1,
        "CSNK1G3": 1,
        "PHAX": 1,
        "FBN2": 2,
        "ADAMTS19": 1,
        "ACSL6": 1,
        "P4HA2": 3,
        "KIF3A": 2,
        "CCNI2": 1,
        "SHROOM1": 1,
        "GDF9": 1,
        "AFF4": 2,
        "SEC24A": 2,
        "CAMLG": 1,
        "DCANP1": 1,
        "CXCL14": 1,
        "TGFBI": 1,
        "TRPC7": 2,
        "MYOT": 1,
        "CDC23": 1,
        "KDM3B": 1,
        "ETF1": 1,
        "PURA": 1,
        "PFDN1": 1,
        "ANKHD1": 1,
        "IK": 1,
        "WDR55": 1,
        "PCDHA1": 1,
        "PCDHA2": 3,
        "PCDHA3": 5,
        "PCDHA5": 3,
        "PCDHA6": 1,
        "PCDHA8": 2,
        "PCDHA9": 1,
        "PCDHA10": 1,
        "PCDHA11": 1,
        "PCDHA13": 2,
        "PCDHAC2": 1,
        "PCDHB2": 1,
        "PCDHB3": 2,
        "PCDHB5": 3,
        "PCDHB7": 3,
        "PCDHB8": 2,
        "PCDHB9": 4,
        "PCDHB10": 1,
        "PCDHB11": 2,
        "PCDHGA1": 1,
        "PCDHGB1": 1,
        "PCDHGB2": 2,
        "PCDHGB3": 1,
        "PCDHGB4": 1,
        "PCDHGB6": 2,
        "PCDHGA10": 2,
        "PCDHGB7": 1,
        "PCDHGA12": 1,
        "HDAC3": 1,
        "ARAP3": 1,
        "RNF14": 1,
        "LARS1": 1,
        "TCERG1": 1,
        "DPYSL3": 1,
        "JAKMIP2": 1,
        "C5orf46": 1,
        "SPINK5": 1,
        "SH3TC2": 1,
        "IL17B": 1,
        "PDE6A": 1,
        "SLC26A2": 1,
        "TIGD6": 1,
        "CSF1R": 2,
        "PDGFRB": 1,
        "TCOF1": 1,
        "SYNPO": 1,
        "ZNF300": 1,
        "FAT2": 3,
        "NMUR2": 2,
        "LARP1": 1,
        "KIF4B": 1,
        "ITK": 1,
        "FNDC9": 1,
        "ADAM19": 1,
        "THG1L": 1,
        "EBF1": 2,
        "RNF145": 2,
        "TTC1": 1,
        "FAM200C": 1,
        "ATP10B": 1,
        "GABRA1": 1,
        "TENM2": 2,
        "SLIT3": 2,
        "DOCK2": 2,
        "LCP2": 1,
        "KCNIP1": 1,
        "GABRP": 1,
        "FGF18": 1,
        "FBXW11": 1,
        "STK10": 1,
        "RPL26L1": 1,
        "NKX2-5": 1,
        "STC2": 1,
        "MSX2": 1,
        "DRD1": 1,
        "SIMC1": 1,
        "CDHR2": 4,
        "GPRIN1": 3,
        "FGFR4": 1,
        "NSD1": 1,
        "PRELID1": 1,
        "GRK6": 2,
        "HNRNPAB": 1,
        "CLK4": 1,
        "ZNF454": 1,
        "GRM6": 3,
        "ADAMTS2": 1,
        "CANX": 2,
        "MAML1": 2,
        "TBC1D9B": 1,
        "RASGEF1C": 1,
        "MAPK9": 1,
        "GFPT2": 1,
        "FLT4": 1,
        "BTNL8": 1,
        "WRNIP1": 1,
        "NQO2": 1,
        "SLC22A23": 1,
        "PXDC1": 1,
        "FAM50B": 1,
        "PRPF4B": 1,
        "FARS2": 1,
        "F13A1": 1,
        "CAGE1": 1,
        "DSP": 1,
        "SLC35B3": 1,
        "GCNT2": 1,
        "PAK1IP1": 2,
        "NEDD9": 1,
        "JARID2": 1,
        "ATXN1": 2,
        "KIF13A": 1,
        "PRL": 1,
        "DCDC2": 1,
        "GPLD1": 1,
        "KIAA0319": 2,
        "RIPOR2": 2,
        "CARMIL1": 1,
        "SLC17A3": 1,
        "H1-2": 1,
        "H4C7": 1,
        "BTN3A1": 1,
        "BTN2A1": 1,
        "H2BC11": 1,
        "PRSS16": 1,
        "H3C11": 1,
        "H3C12": 1,
        "ZKSCAN8": 1,
        "ZSCAN9": 1,
        "NKAPL": 1,
        "GPX5": 1,
        "OR2J3": 1,
        "OR5V1": 1,
        "OR12D2": 1,
        "OR11A1": 1,
        "MAS1L": 1,
        "OR2H2": 1,
        "GABBR1": 1,
        "HLA-G": 2,
        "PPP1R11": 1,
        "TRIM10": 2,
        "TRIM15": 2,
        "RPP21": 1,
        "PPP1R10": 1,
        "MRPS18B": 1,
        "MDC1": 1,
        "FLOT1": 1,
        "VARS2": 1,
        "MUC21": 1,
        "C6orf15": 1,
        "HLA-C": 1,
        "ATP6V1G2": 1,
        "PRRC2A": 2,
        "ABHD16A": 1,
        "HSPA1L": 1,
        "SLC44A4": 1,
        "ZBTB12": 1,
        "ATF6B": 1,
        "NOTCH4": 2,
        "HLA-DRB5": 1,
        "HLA-DRB1": 1,
        "HLA-DOA": 1,
        "HLA-DPA1": 1,
        "COL11A2": 1,
        "RING1": 2,
        "RGL2": 1,
        "ZBTB22": 1,
        "KIFC1": 1,
        "UQCC2": 1,
        "IP6K3": 1,
        "GRM4": 2,
        "BLTP3A": 1,
        "ANKS1A": 1,
        "LHFPL5": 1,
        "SLC26A8": 2,
        "MAPK14": 1,
        "BRPF3": 1,
        "CPNE5": 1,
        "MTCH1": 1,
        "DNAH8": 3,
        "GLP1R": 1,
        "KIF6": 2,
        "TSPO2": 1,
        "APOBEC2": 1,
        "TFEB": 1,
        "USP49": 1,
        "TBCC": 1,
        "PEX6": 2,
        "RRP36": 1,
        "PTK7": 1,
        "CRIP3": 1,
        "ZNF318": 1,
        "YIPF3": 1,
        "POLR1C": 1,
        "VEGFA": 1,
        "MRPL14": 1,
        "TMEM63B": 2,
        "CAPN11": 1,
        "HSP90AB1": 1,
        "AARS2": 2,
        "RUNX2": 1,
        "CYP39A1": 1,
        "TDRD6": 1,
        "ADGRF4": 1,
        "OPN5": 1,
        "PTCHD4": 1,
        "MMUT": 1,
        "RHAG": 1,
        "CRISP2": 1,
        "TFAP2D": 1,
        "TFAP2B": 2,
        "IL17A": 1,
        "GCLC": 1,
        "KLHL31": 2,
        "LRRC1": 1,
        "FAM83B": 1,
        "COL21A1": 1,
        "ZNF451": 1,
        "RAB23": 1,
        "PRIM2": 1,
        "KHDRBS2": 1,
        "PHF3": 1,
        "ADGRB3": 2,
        "COL19A1": 1,
        "COL9A1": 1,
        "FAM135A": 1,
        "SMAP1": 1,
        "RIMS1": 1,
        "KHDC3L": 1,
        "OOEP": 1,
        "DDX43": 1,
        "MTO1": 1,
        "EEF1A1": 1,
        "CD109": 1,
        "COL12A1": 1,
        "FILIP1": 1,
        "MYO6": 1,
        "PHIP": 2,
        "LCA5": 2,
        "ELOVL4": 1,
        "UBE3D": 1,
        "PGM3": 1,
        "SNAP91": 2,
        "TBX18": 3,
        "HTR1E": 1,
        "ZNF292": 1,
        "CNR1": 1,
        "ANKRD6": 1,
        "MDN1": 6,
        "BACH2": 1,
        "EPHA7": 1,
        "FUT9": 1,
        "PRDM13": 1,
        "MCHR2": 1,
        "ASCC3": 1,
        "BVES": 1,
        "CRYBG1": 1,
        "FOXO3": 1,
        "ARMC2": 1,
        "MICAL1": 1,
        "FIG4": 1,
        "GPR6": 1,
        "CDK19": 1,
        "REV3L": 2,
        "HDAC2": 1,
        "NT5DC1": 1,
        "DSE": 1,
        "ZUP1": 1,
        "RFX6": 1,
        "ROS1": 2,
        "NUS1": 1,
        "CEP85L": 1,
        "CLVS2": 1,
        "RNF146": 1,
        "SOGA3": 1,
        "LAMA2": 3,
        "ARHGAP18": 1,
        "TMEM200A": 1,
        "ENPP3": 2,
        "TAAR8": 1,
        "VNN1": 1,
        "TCF21": 1,
        "MYB": 1,
        "BCLAF1": 3,
        "PEX7": 1,
        "TNFAIP3": 1,
        "PERP": 1,
        "TXLNB": 1,
        "ADGRG6": 1,
        "HIVEP2": 1,
        "SF3B5": 1,
        "UTRN": 1,
        "FBXO30": 1,
        "SHPRH": 3,
        "GRM1": 2,
        "SASH1": 1,
        "NUP43": 3,
        "PLEKHG1": 2,
        "ESR1": 1,
        "SYNE1": 4,
        "SCAF8": 3,
        "TFB1M": 1,
        "NOX3": 2,
        "ARID1B": 3,
        "SYNJ2": 1,
        "TULP4": 2,
        "EZR": 1,
        "FNDC1": 4,
        "WTAP": 1,
        "PNLDC1": 1,
        "MAS1": 1,
        "SLC22A2": 1,
        "SLC22A3": 1,
        "LPA": 1,
        "PLG": 1,
        "PRKN": 1,
        "QKI": 1,
        "RPS6KA2": 1,
        "AFDN": 1,
        "SMOC2": 1,
        "THBS2": 1,
        "PHF10": 2,
        "FAM120B": 2,
        "TBP": 4,
        "DNAAF5": 1,
        "MAD1L1": 1,
        "MRM2": 1,
        "SNX8": 1,
        "GNA12": 1,
        "SDK1": 1,
        "PAPOLB": 1,
        "TNRC18": 1,
        "ACTB": 1,
        "RNF216": 1,
        "AIMP2": 1,
        "EIF2AK1": 1,
        "ZDHHC4": 1,
        "ZNF12": 1,
        "COL28A1": 1,
        "MIOS": 1,
        "PHF14": 1,
        "MEOX2": 1,
        "PRPS1L1": 2,
        "FERD3L": 1,
        "POLR1F": 2,
        "ITGB8": 1,
        "ABCB5": 1,
        "SP4": 1,
        "CDCA7L": 2,
        "IGF2BP3": 1,
        "GSDME": 1,
        "HOXA1": 1,
        "HOXA7": 1,
        "HOXA9": 1,
        "CREB5": 1,
        "CPVL": 1,
        "SCRN1": 2,
        "INMT": 1,
        "MINDY4": 1,
        "PDE1C": 1,
        "SEPTIN7": 1,
        "AOAH": 4,
        "ELMO1": 2,
        "POU6F2": 1,
        "URGCP": 1,
        "SPDYE1": 1,
        "MYL7": 1,
        "ZMIZ2": 1,
        "ADCY1": 1,
        "IGFBP3": 1,
        "PKD1L1": 1,
        "ABCA13": 8,
        "VWC2": 1,
        "ZPBP": 2,
        "IKZF1": 1,
        "COBL": 2,
        "POM121L12": 2,
        "EGFR": 1,
        "ZNF273": 1,
        "TYW1": 1,
        "FZD9": 1,
        "BAZ1B": 1,
        "BUD23": 1,
        "ELN": 1,
        "CLIP2": 2,
        "GTF2I": 2,
        "YWHAG": 1,
        "GSAP": 1,
        "GNAT3": 1,
        "CACNA2D1": 1,
        "PCLO": 2,
        "SEMA3D": 1,
        "ELAPOR2": 1,
        "CROT": 1,
        "ABCB4": 1,
        "ABCB1": 2,
        "SLC25A40": 1,
        "ADAM22": 3,
        "STEAP2": 1,
        "AKAP9": 1,
        "SAMD9": 1,
        "SAMD9L": 2,
        "PON3": 1,
        "DYNC1I1": 1,
        "SEM1": 1,
        "NPTX2": 1,
        "TMEM130": 1,
        "TRRAP": 3,
        "CYP3A5": 1,
        "AZGP1": 1,
        "ZKSCAN1": 1,
        "TRAPPC14": 1,
        "SPDYE3": 1,
        "ZCWPW1": 1,
        "MEPCE": 2,
        "SPACDR": 1,
        "AGFG2": 1,
        "MOSPD3": 1,
        "TFR2": 1,
        "GIGYF1": 2,
        "ZAN": 1,
        "SRRT": 2,
        "MUC17": 4,
        "CUX1": 3,
        "RELN": 3,
        "KMT2E": 1,
        "PIK3CG": 1,
        "CBLL1": 2,
        "SLC26A3": 1,
        "DLD": 1,
        "LAMB1": 1,
        "LAMB4": 3,
        "NRCAM": 1,
        "LRRN3": 1,
        "TMEM168": 1,
        "PPP1R3A": 1,
        "TFEC": 1,
        "MET": 1,
        "ASZ1": 2,
        "CFTR": 2,
        "KCND2": 1,
        "CPED1": 1,
        "PTPRZ1": 2,
        "TAS2R16": 1,
        "SLC13A1": 1,
        "GPR37": 1,
        "POT1": 1,
        "ZNF800": 1,
        "GCC1": 2,
        "PAX4": 1,
        "GARIN1B": 1,
        "SMO": 1,
        "NRF1": 1,
        "ZC3HC1": 1,
        "PODXL": 2,
        "PLXNA4": 1,
        "CHRM2": 1,
        "DGKI": 2,
        "ZC3HAV1": 1,
        "PARP12": 1,
        "ADCK2": 1,
        "BRAF": 1,
        "WEE2": 1,
        "TAS2R38": 1,
        "MGAM": 1,
        "PRSS1": 1,
        "TRPV6": 1,
        "KEL": 1,
        "TAS2R40": 1,
        "TAS2R60": 1,
        "TAS2R41": 2,
        "OR2A25": 1,
        "OR2A2": 1,
        "ARHGEF5": 1,
        "CNTNAP2": 1,
        "C7orf33": 2,
        "ZNF282": 2,
        "ZNF746": 1,
        "ZNF862": 1,
        "REPIN1": 1,
        "AOC1": 1,
        "KCNH2": 2,
        "NOS3": 1,
        "SLC4A2": 2,
        "AGAP3": 1,
        "GALNT11": 3,
        "KMT2C": 2,
        "XRCC2": 2,
        "DPP6": 2,
        "HTR5A": 1,
        "NOM1": 1,
        "PTPRN2": 1,
        "ESYT2": 1,
        "FBXO25": 1,
        "DLGAP2": 1,
        "ARHGEF10": 1,
        "CSMD1": 6,
        "MCPH1": 2,
        "DEFA3": 1,
        "PRAG1": 1,
        "MFHAS1": 1,
        "ERI1": 1,
        "RP1L1": 1,
        "SLC35G5": 1,
        "FAM167A": 1,
        "FAM86B1": 1,
        "DLC1": 1,
        "FGF20": 1,
        "MTMR7": 1,
        "PCM1": 1,
        "NAT2": 1,
        "CSGALNACT1": 1,
        "GFRA2": 1,
        "DOK2": 1,
        "HR": 3,
        "POLR3D": 1,
        "PIWIL2": 3,
        "TNFRSF10D": 1,
        "LOXL2": 1,
        "KCTD9": 1,
        "CDCA2": 1,
        "EBF2": 1,
        "SCARA3": 1,
        "ZNF395": 1,
        "KIF13B": 2,
        "DCTN6": 1,
        "GSR": 1,
        "TEX15": 1,
        "FUT10": 1,
        "UNC5D": 2,
        "RAB11FIP1": 1,
        "FGFR1": 1,
        "ANK1": 1,
        "AP3M2": 1,
        "POLB": 1,
        "CHRNB3": 1,
        "THAP1": 1,
        "FNTA": 1,
        "SPIDR": 1,
        "PRKDC": 2,
        "MCM4": 1,
        "SNAI2": 1,
        "PPDPFL": 1,
        "SNTG1": 2,
        "PCMTD1": 1,
        "RP1": 3,
        "XKR4": 1,
        "NSMAF": 1,
        "TOX": 1,
        "CA8": 1,
        "CHD7": 1,
        "ASPH": 1,
        "BHLHE22": 1,
        "CSPP1": 1,
        "NCOA2": 2,
        "LACTB2": 1,
        "XKR9": 1,
        "EYA1": 1,
        "TRPA1": 1,
        "ELOC": 1,
        "ZFHX4": 4,
        "ZC2HC1A": 1,
        "TPD52": 1,
        "PAG1": 1,
        "IMPA1": 1,
        "ZFAND1": 1,
        "ATP6V0D2": 1,
        "WWP1": 2,
        "CNBD1": 1,
        "DCAF4L2": 2,
        "MMP16": 3,
        "NBN": 1,
        "DECR1": 1,
        "CDH17": 1,
        "RAD54B": 1,
        "VIRMA": 1,
        "DPY19L4": 2,
        "TP53INP1": 1,
        "UQCRB": 1,
        "MTERF3": 1,
        "ERICH5": 1,
        "VPS13B": 1,
        "RGS22": 1,
        "POLR2K": 1,
        "RNF19A": 1,
        "NCALD": 1,
        "UBR5": 5,
        "KLF10": 2,
        "ZFPM2": 1,
        "ABRA": 2,
        "ANGPT1": 1,
        "EIF3E": 1,
        "TMEM74": 2,
        "TRHR": 2,
        "PKHD1L1": 1,
        "CSMD3": 1,
        "AARD": 1,
        "MED30": 1,
        "TNFRSF11B": 1,
        "COLEC10": 1,
        "ATAD2": 1,
        "KLHL38": 2,
        "TMEM65": 1,
        "TRMT12": 1,
        "TATDN1": 2,
        "NDUFB9": 1,
        "WASHC5": 2,
        "TRIB1": 1,
        "KCNQ3": 1,
        "DNAAF11": 1,
        "TG": 3,
        "SLA": 1,
        "CCN4": 1,
        "ZFAT": 1,
        "FAM135B": 2,
        "COL22A1": 1,
        "KCNK9": 1,
        "DENND3": 1,
        "GPR20": 1,
        "ADGRB1": 4,
        "LY6D": 1,
        "CYP11B1": 2,
        "ZNF696": 1,
        "EEF1D": 1,
        "ZNF623": 1,
        "MAPK15": 1,
        "FAM83H": 1,
        "PUF60": 2,
        "EPPK1": 3,
        "PLEC": 4,
        "SPATC1": 1,
        "ADCK5": 2,
        "SLC39A4": 1,
        "TONSL": 1,
        "RECQL4": 3,
        "ZNF7": 1,
        "FOXD4": 1,
        "DOCK8": 2,
        "KANK1": 1,
        "SMARCA2": 2,
        "RFX3": 1,
        "JAK2": 2,
        "PDCD1LG2": 2,
        "RIC1": 1,
        "KIAA2026": 2,
        "RANBP6": 2,
        "PTPRD": 2,
        "LURAP1L": 1,
        "MPDZ": 3,
        "FREM1": 2,
        "TTC39B": 1,
        "PSIP1": 1,
        "CCDC171": 1,
        "CNTLN": 2,
        "PLIN2": 1,
        "DENND4C": 1,
        "SLC24A2": 1,
        "MLLT3": 3,
        "IFNA10": 1,
        "IFNA16": 1,
        "PLAA": 1,
        "IFT74": 1,
        "TEK": 1,
        "MOB3B": 1,
        "LINGO2": 3,
        "ACO1": 1,
        "TAF1L": 4,
        "TMEM215": 2,
        "APTX": 1,
        "B4GALT1": 1,
        "NFX1": 1,
        "NOL6": 1,
        "DNAI1": 1,
        "DNAJB5": 2,
        "UNC13B": 3,
        "TESK1": 1,
        "TLN1": 3,
        "RGP1": 1,
        "NPR2": 1,
        "HINT2": 1,
        "HRCT1": 1,
        "ZBTB5": 1,
        "FBXO10": 1,
        "FRMPD1": 2,
        "SHB": 1,
        "PGM5": 2,
        "APBA1": 1,
        "SMC5": 1,
        "KLF9": 1,
        "TRPM3": 1,
        "CEMIP2": 3,
        "ALDH1A1": 1,
        "RORB": 1,
        "PCSK5": 1,
        "GCNT1": 1,
        "PRUNE2": 3,
        "FOXB2": 1,
        "VPS13A": 2,
        "GNA14": 1,
        "TLE1": 2,
        "SPATA31D1": 2,
        "GKAP1": 1,
        "KIF27": 1,
        "NTRK2": 1,
        "DAPK1": 1,
        "CTSL": 1,
        "SPATA31E1": 4,
        "CDK20": 1,
        "SEMA4D": 1,
        "SYK": 1,
        "BICD2": 2,
        "SUSD3": 1,
        "WNK2": 1,
        "FAM120A": 1,
        "PHF2": 1,
        "ZNF169": 2,
        "HSD17B3": 1,
        "CTSV": 1,
        "XPA": 1,
        "NANS": 1,
        "TBC1D2": 1,
        "ANKS6": 1,
        "ALG2": 1,
        "ERP44": 2,
        "INVS": 1,
        "ZNF189": 3,
        "RNF20": 2,
        "PPP3R2": 1,
        "SMC2": 2,
        "OR13C3": 1,
        "OR13C5": 1,
        "OR13C9": 1,
        "OR13D1": 1,
        "ABCA1": 2,
        "ZNF462": 3,
        "ACTL7A": 1,
        "ELP1": 3,
        "EPB41L4B": 2,
        "PTPN3": 2,
        "PALM2AKAP2": 1,
        "TXNDC8": 1,
        "SVEP1": 1,
        "OR2K2": 2,
        "ECPAS": 1,
        "SHOC1": 1,
        "FKBP15": 1,
        "SLC31A1": 1,
        "PRPF4": 2,
        "RNF183": 1,
        "ALAD": 1,
        "C9orf43": 2,
        "RGS3": 1,
        "COL27A1": 3,
        "PAPPA": 3,
        "ASTN2": 1,
        "BRINP1": 1,
        "CDK5RAP2": 1,
        "CNTRL": 1,
        "DAB2IP": 1,
        "TTLL11": 1,
        "OR1Q1": 1,
        "OR1B1": 1,
        "OR1L4": 1,
        "OR5C1": 2,
        "RC3H2": 2,
        "ZBTB26": 1,
        "RABGAP1": 1,
        "DENND1A": 1,
        "RABEPK": 1,
        "HSPA5": 1,
        "GAPVD1": 1,
        "RPL12": 1,
        "TTC16": 3,
        "ENG": 1,
        "ST6GALNAC6": 1,
        "CIZ1": 1,
        "SPTAN1": 2,
        "NUP188": 2,
        "GPR107": 1,
        "FIBCD1": 1,
        "LAMC3": 1,
        "NUP214": 2,
        "PRRC2B": 1,
        "POMT1": 2,
        "RAPGEF1": 1,
        "NTNG2": 1,
        "SETX": 1,
        "CFAP77": 1,
        "DDX31": 1,
        "SPACA9": 1,
        "TSC1": 1,
        "SARDH": 1,
        "RXRA": 2,
        "COL5A1": 2,
        "OLFM1": 1,
        "PPP1R26": 1,
        "PAEP": 1,
        "GLT6D1": 1,
        "KCNT1": 1,
        "CARD9": 1,
        "SNAPC4": 2,
        "EGFL7": 1,
        "FBXW5": 1,
        "ABCA2": 1,
        "NPDC1": 1,
        "GRIN1": 1,
        "ZMYND19": 1,
        "ARRDC1": 1,
        "EHMT1": 1,
        "CACNA1B": 1,
        "TUBB8": 1,
        "DIP2C": 1,
        "GTPBP4": 1,
        "IDI1": 1,
        "ADARB2": 1,
        "PITRM1": 2,
        "KLF6": 1,
        "TUBAL3": 1,
        "RBM17": 1,
        "ITIH2": 1,
        "ATP5F1C": 1,
        "DHTKD1": 1,
        "PRPF18": 1,
        "FRMD4A": 2,
        "FAM171A1": 1,
        "CUBN": 2,
        "MRC1": 1,
        "NEBL": 1,
        "SKIDA1": 2,
        "ARHGAP21": 1,
        "THNSL1": 1,
        "GPR158": 2,
        "MYO3A": 3,
        "PDSS1": 1,
        "ANKRD26": 1,
        "ODAD2": 2,
        "BAMBI": 1,
        "SVIL": 1,
        "JCAD": 2,
        "MAP3K8": 1,
        "ZNF438": 2,
        "NRP1": 1,
        "CUL2": 1,
        "FZD8": 1,
        "ANKRD30A": 2,
        "ZNF25": 1,
        "ZNF37A": 1,
        "BMS1": 1,
        "RET": 1,
        "CSGALNACT2": 1,
        "RASGEF1A": 1,
        "ARHGAP22": 1,
        "C10orf71": 1,
        "ERCC6": 1,
        "SLC18A3": 1,
        "CHAT": 1,
        "A1CF": 1,
        "CSTF2T": 2,
        "MBL2": 1,
        "PCDH15": 3,
        "ZWINT": 1,
        "FAM13C": 1,
        "SLC16A9": 1,
        "ANK3": 3,
        "ARID5B": 1,
        "EGR2": 1,
        "JMJD1C": 1,
        "LRRTM3": 1,
        "MYPN": 1,
        "STOX1": 1,
        "DDX50": 1,
        "PALD1": 2,
        "PRF1": 2,
        "ADAMTS14": 1,
        "SLC29A3": 1,
        "CDH23": 2,
        "VSIR": 1,
        "DDIT4": 1,
        "ANXA7": 1,
        "USP54": 2,
        "SYNPO2L": 1,
        "NDST2": 1,
        "AP3M1": 1,
        "ADK": 1,
        "KAT6B": 3,
        "KCNMA1": 2,
        "DLG5": 1,
        "POLR3A": 1,
        "ZMIZ1": 1,
        "SFTPA1": 1,
        "ANXA11": 1,
        "MAT1A": 1,
        "NRG3": 1,
        "GHITM": 1,
        "GRID1": 1,
        "GLUD1": 1,
        "SHLD2": 1,
        "PTEN": 7,
        "PANK1": 1,
        "RPP30": 1,
        "ANKRD1": 2,
        "TNKS2": 1,
        "FGFBP3": 1,
        "FFAR4": 1,
        "PLCE1": 2,
        "CYP2C19": 1,
        "CYP2C9": 1,
        "SORBS1": 1,
        "ENTPD1": 1,
        "DNTT": 1,
        "OPALIN": 1,
        "TM9SF3": 1,
        "LCOR": 1,
        "SLIT1": 1,
        "MMS19": 1,
        "HOGA1": 1,
        "ZFYVE27": 1,
        "PYROXD2": 1,
        "CNNM1": 1,
        "GOT1": 1,
        "CWF19L1": 1,
        "WNT8B": 1,
        "PAX2": 1,
        "SLF2": 1,
        "SEMA4G": 1,
        "LZTS2": 2,
        "PDZD7": 1,
        "KAZALD1": 2,
        "ARMH3": 1,
        "GBF1": 2,
        "SFXN2": 1,
        "WBP1L": 1,
        "NEURL1": 1,
        "COL17A1": 1,
        "CFAP43": 1,
        "SORCS3": 2,
        "SORCS1": 2,
        "ADD3": 1,
        "GPAM": 1,
        "ACSL5": 1,
        "NRAP": 1,
        "PLEKHS1": 1,
        "TDRD1": 1,
        "AFAP1L2": 2,
        "ABLIM1": 1,
        "GFRA1": 1,
        "PNLIPRP3": 1,
        "HSPA12A": 1,
        "EMX2": 1,
        "EIF3A": 1,
        "BAG3": 1,
        "INPP5F": 1,
        "TACC2": 2,
        "DMBT1": 2,
        "CUZD1": 1,
        "C10orf88": 1,
        "BUB3": 1,
        "CPXM2": 1,
        "CTBP2": 1,
        "MMP21": 1,
        "DHX32": 1,
        "C10orf90": 2,
        "INSYN2A": 1,
        "DOCK1": 1,
        "MKI67": 1,
        "EBF3": 1,
        "DPYSL4": 1,
        "CFAP46": 1,
        "ADGRA1": 1,
        "KNDC1": 2,
        "ADAM8": 1,
        "TUBGCP2": 1,
        "ECHS1": 1,
        "CYP2E1": 1,
        "SYCE1": 1,
        "CIMAP1A": 1,
        "RIC8A": 1,
        "PGGHG": 1,
        "B4GALNT4": 2,
        "SIGIRR": 2,
        "ANO9": 3,
        "RNH1": 1,
        "HRAS": 1,
        "DEAF1": 1,
        "EPS8L2": 1,
        "TALDO1": 1,
        "CEND1": 1,
        "PIDD1": 1,
        "PNPLA2": 1,
        "MUC6": 2,
        "MUC5B": 3,
        "BRSK2": 1,
        "MOB2": 1,
        "KRTAP5-5": 3,
        "TNNT3": 1,
        "TRPM5": 1,
        "KCNQ1": 1,
        "OSBPL5": 1,
        "MRGPRE": 2,
        "NUP98": 1,
        "STIM1": 2,
        "OR51E2": 1,
        "OR51F2": 3,
        "OR51S1": 1,
        "OR51G2": 1,
        "OR51G1": 1,
        "HBD": 1,
        "OR51Q1": 1,
        "UBQLN3": 1,
        "TRIM5": 1,
        "OR56B1": 1,
        "OR52N5": 2,
        "OR52N1": 1,
        "FHIP1B": 3,
        "CNGA4": 1,
        "APBB1": 1,
        "HPX": 1,
        "TRIM3": 2,
        "RRP8": 1,
        "ILK": 1,
        "DCHS1": 2,
        "OR2AG1": 1,
        "OR10A4": 1,
        "RBMXL2": 1,
        "SYT9": 1,
        "OR10A6": 1,
        "NLRP10": 1,
        "SCUBE2": 1,
        "TMEM41B": 1,
        "WEE1": 1,
        "SBF2": 1,
        "AMPD3": 2,
        "EIF4G2": 1,
        "USP47": 1,
        "MICAL2": 1,
        "RASSF10": 1,
        "SPON1": 1,
        "SOX6": 2,
        "C11orf58": 1,
        "PLEKHA7": 2,
        "USH1C": 2,
        "MYOD1": 1,
        "KCNC1": 1,
        "MRGPRX4": 1,
        "SAA2": 1,
        "LDHC": 1,
        "IGSF22": 1,
        "PTPN5": 1,
        "MRGPRX1": 1,
        "E2F8": 1,
        "NAV2": 4,
        "DBX1": 1,
        "SLC6A5": 1,
        "ANO5": 1,
        "PAX6": 1,
        "EIF3M": 1,
        "CCDC73": 2,
        "PRRG4": 1,
        "CSTF3": 1,
        "HIPK3": 1,
        "KIAA1549L": 3,
        "LMO2": 1,
        "ABTB2": 1,
        "SLC1A2": 1,
        "TRIM44": 1,
        "LDLRAD3": 6,
        "LRRC4C": 2,
        "PRDM11": 1,
        "CHST1": 1,
        "CRY2": 2,
        "FREY1": 1,
        "DGKZ": 1,
        "CHRM4": 1,
        "ZNF408": 1,
        "LRP4": 4,
        "ACP2": 1,
        "MYBPC3": 1,
        "AGBL2": 1,
        "FNBP4": 1,
        "NUP160": 2,
        "PTPRJ": 1,
        "OR4B1": 1,
        "OR4C13": 1,
        "OR4C12": 1,
        "TRIM48": 1,
        "OR4A15": 1,
        "OR4C15": 2,
        "OR5D14": 1,
        "OR5L1": 2,
        "OR5D18": 1,
        "OR5F1": 1,
        "OR5AS1": 1,
        "OR8H3": 1,
        "OR5J2": 1,
        "OR5T3": 1,
        "OR8H1": 3,
        "OR8K1": 1,
        "OR5M9": 1,
        "OR5AR1": 1,
        "APLNR": 2,
        "SSRP1": 1,
        "P2RX3": 1,
        "PRG3": 1,
        "SLC43A3": 1,
        "CLP1": 1,
        "TMX2": 1,
        "LPXN": 1,
        "FAM111A": 1,
        "OR5AN1": 1,
        "OR5A1": 2,
        "OR4D10": 2,
        "OR4D9": 2,
        "PATL1": 2,
        "TCN1": 1,
        "OOSP2": 1,
        "MS4A3": 1,
        "MS4A4A": 1,
        "MS4A12": 1,
        "PRPF19": 1,
        "VWCE": 1,
        "FADS2": 2,
        "FADS3": 2,
        "SCGB1D4": 1,
        "ASRGL1": 1,
        "AHNAK": 1,
        "MTA2": 1,
        "TAF6L": 1,
        "SLC3A2": 1,
        "SLC22A8": 2,
        "MARK2": 1,
        "PLCB3": 1,
        "NRXN2": 1,
        "PYGM": 1,
        "CDC42BPG": 1,
        "EHD1": 1,
        "ATG2A": 2,
        "SNX15": 2,
        "NAALADL1": 1,
        "SYVN1": 1,
        "CAPN1": 1,
        "DPF2": 1,
        "KLC2": 1,
        "NPAS4": 1,
        "BBS1": 1,
        "ZDHHC24": 1,
        "RBM14": 1,
        "RCE1": 1,
        "TBC1D10C": 1,
        "CORO1B": 1,
        "GPR152": 1,
        "PITPNM1": 1,
        "NUDT8": 1,
        "ACY3": 1,
        "ALDH3B2": 2,
        "UNC93B1": 1,
        "KMT5B": 2,
        "LRP5": 1,
        "CPT1A": 2,
        "MRPL21": 1,
        "MRGPRD": 1,
        "FGF3": 1,
        "PPFIA1": 1,
        "CTTN": 3,
        "FOLR3": 1,
        "INPPL1": 1,
        "P2RY6": 1,
        "C2CD3": 1,
        "XRRA1": 1,
        "DGAT2": 2,
        "WNT11": 1,
        "THAP12": 1,
        "EMSY": 1,
        "MYO7A": 1,
        "GDPD4": 1,
        "RSF1": 1,
        "INTS4": 2,
        "KCTD21": 2,
        "NARS2": 1,
        "TENM4": 3,
        "FAM181B": 1,
        "PRCP": 1,
        "RAB30": 1,
        "PCF11": 1,
        "TMEM126B": 1,
        "FZD4": 2,
        "CTSC": 1,
        "GRM5": 1,
        "NOX4": 3,
        "NAALAD2": 1,
        "FAT3": 4,
        "IZUMO1R": 1,
        "GPR83": 1,
        "PIWIL4": 1,
        "AMOTL1": 1,
        "MTMR2": 1,
        "CEP126": 3,
        "BIRC2": 1,
        "MMP7": 1,
        "MMP27": 1,
        "MMP12": 1,
        "DYNC2H1": 2,
        "PDGFD": 3,
        "CASP1": 1,
        "GRIA4": 1,
        "GUCY1A2": 1,
        "ELMOD1": 1,
        "CUL5": 1,
        "ACAT1": 1,
        "ATM": 3,
        "POGLUT3": 1,
        "ZC3H12C": 2,
        "SIK2": 2,
        "PPP2R1B": 1,
        "NCAM1": 1,
        "DRD2": 1,
        "TMPRSS5": 1,
        "USP28": 1,
        "ZBTB16": 3,
        "RBM7": 1,
        "APOA4": 3,
        "SIDT2": 1,
        "CEP164": 3,
        "DSCAML1": 1,
        "CD3D": 1,
        "KMT2A": 5,
        "PHLDB1": 1,
        "FOXR1": 1,
        "VPS11": 1,
        "DPAGT1": 1,
        "C2CD2L": 1,
        "ABCG4": 1,
        "NLRX1": 2,
        "MCAM": 2,
        "MFRP": 1,
        "USP2": 1,
        "NECTIN1": 1,
        "POU2F3": 1,
        "ARHGEF12": 1,
        "GRIK4": 1,
        "TECTA": 3,
        "UBASH3B": 1,
        "CRTAM": 1,
        "JHY": 1,
        "BSX": 1,
        "CLMP": 1,
        "ZNF202": 1,
        "TMEM225": 1,
        "OR4D5": 1,
        "OR10G4": 1,
        "OR10G9": 1,
        "OR10G8": 2,
        "OR10G7": 1,
        "VWA5A": 2,
        "OR8A1": 1,
        "TBRG1": 1,
        "ROBO3": 1,
        "ROBO4": 1,
        "HEPACAM": 1,
        "CCDC15": 2,
        "SLC37A2": 1,
        "TMEM218": 1,
        "FOXRED1": 1,
        "KIRREL3": 1,
        "FLI1": 1,
        "ARHGAP32": 4,
        "APLP2": 1,
        "ZBTB44": 2,
        "ADAMTS8": 2,
        "SNX19": 1,
        "IGSF9B": 1,
        "NCAPD3": 1,
        "GLB1L2": 3,
        "SLC6A12": 2,
        "KDM5A": 2,
        "WNK1": 2,
        "ERC1": 1,
        "FBXL14": 1,
        "CACNA2D4": 1,
        "CACNA1C": 3,
        "TULP3": 1,
        "PARP11": 1,
        "FGF23": 3,
        "DYRK4": 1,
        "GALNT8": 1,
        "KCNA1": 1,
        "KCNA5": 1,
        "ANO2": 1,
        "VWF": 3,
        "CD9": 1,
        "PLEKHG6": 1,
        "SCNN1A": 1,
        "LTBR": 1,
        "VAMP1": 1,
        "CHD4": 2,
        "LAG3": 1,
        "ATN1": 1,
        "PTPN6": 1,
        "C1S": 1,
        "PEX5": 1,
        "CD163L1": 2,
        "NANOG": 1,
        "CLEC4A": 1,
        "CLEC4D": 1,
        "PZP": 1,
        "CLEC9A": 2,
        "TAS2R19": 1,
        "LRP6": 1,
        "CDKN1B": 4,
        "GRIN2B": 4,
        "ERP27": 1,
        "RERG": 1,
        "RERGL": 1,
        "PIK3C2G": 1,
        "GYS2": 4,
        "KCNJ8": 1,
        "ABCC9": 2,
        "BCAT1": 1,
        "INTS13": 1,
        "TM7SF3": 1,
        "PPFIBP1": 2,
        "FAR2": 1,
        "OVCH1": 1,
        "CAPRIN2": 2,
        "DDX11": 3,
        "RESF1": 1,
        "BICD1": 1,
        "FGD4": 1,
        "PKP2": 1,
        "SYT10": 2,
        "KIF21A": 1,
        "SLC2A13": 1,
        "LRRK2": 2,
        "CNTN1": 1,
        "PDZRN4": 1,
        "ADAMTS20": 1,
        "ANO6": 1,
        "ARID2": 1,
        "PCED1B": 1,
        "HDAC7": 1,
        "PFKM": 1,
        "KMT2D": 2,
        "KCNH3": 1,
        "FMNL3": 1,
        "TMBIM6": 1,
        "NCKAP5L": 1,
        "LIMA1": 1,
        "DIP2B": 1,
        "BIN2": 2,
        "SLC4A8": 1,
        "SCN8A": 1,
        "KRT7": 1,
        "KRT75": 1,
        "KRT6B": 1,
        "KRT5": 1,
        "KRT74": 1,
        "KRT72": 1,
        "KRT2": 1,
        "KRT1": 4,
        "KRT76": 1,
        "KRT3": 1,
        "KRT79": 1,
        "KRT8": 1,
        "CSAD": 2,
        "ITGB7": 1,
        "ESPL1": 1,
        "AAAS": 1,
        "SP1": 1,
        "ATP5MC2": 1,
        "HOXC13": 1,
        "HOXC11": 1,
        "HOXC6": 2,
        "NCKAP1L": 1,
        "NEUROD4": 1,
        "OR9K2": 1,
        "OR10A7": 2,
        "OR6C2": 1,
        "OR6C68": 1,
        "ITGA7": 1,
        "PMEL": 1,
        "ZC3H10": 1,
        "SLC39A5": 2,
        "PAN2": 1,
        "ATP5F1B": 1,
        "NACA": 2,
        "NEMP1": 1,
        "NAB2": 1,
        "LRP1": 5,
        "SHMT2": 1,
        "GLI1": 1,
        "MARS1": 2,
        "DDIT3": 2,
        "DCTN2": 1,
        "ARHGEF25": 1,
        "OS9": 1,
        "LRIG3": 1,
        "DPY19L2": 3,
        "RASSF3": 1,
        "MSRB3": 1,
        "GRIP1": 1,
        "CAND1": 1,
        "DYRK2": 1,
        "MDM1": 2,
        "CPM": 1,
        "CCT2": 2,
        "BEST3": 2,
        "PTPRB": 2,
        "PTPRR": 1,
        "RAB21": 1,
        "TBC1D15": 1,
        "KCNC2": 1,
        "GLIPR1L1": 1,
        "CSRP2": 1,
        "NAV3": 1,
        "LRRIQ1": 1,
        "POC1B": 1,
        "CCER1": 1,
        "CEP83": 1,
        "NTN4": 1,
        "HAL": 1,
        "CDK17": 1,
        "NR1H4": 1,
        "GAS2L3": 2,
        "ANO4": 1,
        "UTP20": 1,
        "STAB2": 2,
        "HSP90B1": 1,
        "GLT8D2": 1,
        "TXNRD1": 1,
        "ALDH1L2": 2,
        "NUAK1": 1,
        "POLR3B": 3,
        "ABTB3": 2,
        "PRDM4": 2,
        "WSCD2": 2,
        "CMKLR1": 1,
        "FICD": 1,
        "ISCU": 1,
        "USP30": 1,
        "ACACB": 1,
        "TRPV4": 1,
        "IFT81": 1,
        "ATP2A2": 1,
        "HVCN1": 1,
        "CCDC63": 2,
        "MYL2": 1,
        "CUX2": 1,
        "BRAP": 1,
        "TRAFD1": 1,
        "HECTD4": 2,
        "OAS2": 1,
        "DTX1": 1,
        "DDX54": 1,
        "SLC8B1": 1,
        "SDS": 1,
        "TBX3": 1,
        "NOS1": 3,
        "KSR2": 1,
        "CCDC60": 1,
        "CIT": 2,
        "GCN1": 5,
        "COQ5": 1,
        "RNF34": 1,
        "CFAP251": 1,
        "BCL7A": 1,
        "CLIP1": 2,
        "MPHOSPH9": 2,
        "SBNO1": 2,
        "TMED2": 1,
        "DDX55": 1,
        "TCTN2": 2,
        "ATP6V0A2": 1,
        "DNAH10": 2,
        "NCOR2": 3,
        "UBC": 1,
        "DHX37": 1,
        "TMEM132B": 3,
        "TMEM132D": 1,
        "FZD10": 1,
        "ADGRD1": 1,
        "MMP17": 1,
        "ULK1": 1,
        "EP400": 3,
        "P2RX2": 2,
        "POLE": 2,
        "ZNF10": 1,
        "TUBA3C": 5,
        "TPTE2": 2,
        "MPHOSPH8": 1,
        "PSPC1": 1,
        "ZMYM2": 2,
        "CRYL1": 1,
        "IFT88": 1,
        "XPO4": 1,
        "LATS2": 1,
        "ZDHHC20": 1,
        "SGCG": 1,
        "SACS": 3,
        "TNFRSF19": 1,
        "MIPEP": 1,
        "PARP4": 1,
        "RNF17": 2,
        "CENPJ": 2,
        "SHISA2": 2,
        "WASF3": 1,
        "RASL11A": 1,
        "PAN3": 1,
        "SLC46A3": 1,
        "ALOX5AP": 1,
        "HSPH1": 1,
        "RXFP2": 1,
        "FRY": 2,
        "BRCA2": 1,
        "PDS5B": 2,
        "STARD13": 1,
        "NBEA": 2,
        "DCLK1": 2,
        "SPART": 1,
        "EXOSC8": 1,
        "FREM2": 2,
        "STOML3": 1,
        "KBTBD6": 1,
        "TNFSF11": 1,
        "TSC22D1": 1,
        "GPALPP1": 1,
        "GTF2F2": 1,
        "COG3": 1,
        "ZC3H13": 2,
        "LCP1": 1,
        "LPAR6": 1,
        "MLNR": 1,
        "FAM124A": 1,
        "ATP7B": 1,
        "NEK5": 1,
        "NEK3": 1,
        "PCDH9": 1,
        "PIBF1": 1,
        "LMO7": 1,
        "MYCBP2": 3,
        "NDFIP2": 1,
        "SPRY2": 1,
        "SLITRK1": 1,
        "SLITRK5": 1,
        "DCT": 1,
        "SOX21": 1,
        "DNAJC3": 1,
        "UGGT2": 1,
        "DOCK9": 3,
        "UBAC2": 1,
        "TM9SF2": 1,
        "TMTC4": 1,
        "FGF14": 1,
        "TPP2": 2,
        "POGLUT2": 1,
        "NALF1": 1,
        "MYO16": 1,
        "COL4A1": 3,
        "COL4A2": 2,
        "CARS2": 1,
        "TUBGCP3": 1,
        "F7": 1,
        "GRTP1": 1,
        "GAS6": 1,
        "RASA3": 1,
        "UPF3A": 2,
        "CHAMP1": 3,
        "OR4K15": 1,
        "OR11H6": 1,
        "TEP1": 1,
        "RNASE13": 1,
        "ARHGEF40": 1,
        "ZNF219": 2,
        "RPGRIP1": 1,
        "CHD8": 2,
        "RAB2B": 1,
        "TOX4": 1,
        "METTL3": 1,
        "LRP10": 1,
        "RBM23": 1,
        "PSMB5": 1,
        "CDH24": 1,
        "CEBPE": 1,
        "BCL2L2": 1,
        "EFS": 2,
        "MYH6": 3,
        "MYH7": 4,
        "THTPA": 1,
        "CARMIL3": 1,
        "CPNE6": 1,
        "DCAF11": 1,
        "PSME2": 1,
        "RNF31": 3,
        "NOP9": 1,
        "RIPK3": 1,
        "NYNRIN": 1,
        "KHNYN": 1,
        "FOXG1": 1,
        "PRKD1": 1,
        "HECTD1": 3,
        "AKAP6": 2,
        "NPAS3": 1,
        "RALGAPA1": 2,
        "SLC25A21": 1,
        "FOXA1": 4,
        "CLEC14A": 1,
        "MIA2": 2,
        "LRFN5": 1,
        "FSCB": 3,
        "MIS18BP1": 1,
        "MDGA2": 1,
        "KLHDC2": 1,
        "SAV1": 1,
        "NIN": 1,
        "FRMD6": 1,
        "GNG2": 1,
        "NID2": 2,
        "PTGDR": 1,
        "TXNDC16": 1,
        "PSMC6": 1,
        "GNPNAT1": 1,
        "BMP4": 1,
        "LGALS3": 1,
        "DLGAP5": 1,
        "ATG14": 1,
        "CCDC198": 1,
        "C14orf39": 1,
        "TMEM30B": 1,
        "SYT16": 1,
        "KCNH5": 1,
        "SYNE2": 2,
        "ESR2": 1,
        "MTHFD1": 1,
        "SPTB": 1,
        "FNTB": 1,
        "GARIN2": 1,
        "ZFYVE26": 4,
        "ACTN1": 2,
        "SRSF5": 1,
        "SLC10A1": 1,
        "SLC8A3": 1,
        "ADAM21": 1,
        "PCNX1": 1,
        "ZFYVE1": 1,
        "PAPLN": 2,
        "HEATR4": 1,
        "ACOT2": 2,
        "PNMA1": 1,
        "MIDEAS": 1,
        "PTGR2": 1,
        "FAM161B": 2,
        "VRTN": 1,
        "SYNDIG1L": 1,
        "LTBP2": 1,
        "RPS6KL1": 1,
        "EIF2B2": 1,
        "IRF2BPL": 1,
        "CIPC": 1,
        "GSTZ1": 1,
        "ALKBH1": 1,
        "ADCK1": 2,
        "NRXN3": 2,
        "TSHR": 1,
        "STON2": 1,
        "KCNK10": 2,
        "PTPN21": 1,
        "EML5": 1,
        "NRDE2": 1,
        "CCDC88C": 1,
        "CATSPERB": 2,
        "CPSF2": 1,
        "RIN3": 1,
        "GOLGA5": 1,
        "COX8C": 1,
        "UNC79": 2,
        "FAM181A": 1,
        "ASB2": 1,
        "SERPINA12": 1,
        "DICER1": 2,
        "SYNE3": 5,
        "AK7": 1,
        "BCL11B": 1,
        "YY1": 1,
        "PPP2R5C": 1,
        "DYNC1H1": 3,
        "WDR20": 1,
        "TECPR2": 2,
        "TRAF3": 1,
        "BAG5": 2,
        "TDRD9": 1,
        "AKT1": 1,
        "CEP170B": 2,
        "AHNAK2": 6,
        "BRF1": 1,
        "OR4M2": 1,
        "MKRN3": 1,
        "MAGEL2": 3,
        "UBE3A": 1,
        "OCA2": 1,
        "HERC2": 2,
        "TJP1": 1,
        "TRPM1": 2,
        "ARHGAP11A": 1,
        "SCG5": 1,
        "GREM1": 1,
        "RYR3": 3,
        "KATNBL1": 1,
        "AQR": 1,
        "EIF2AK4": 2,
        "BAHD1": 1,
        "CHST14": 2,
        "CCDC32": 1,
        "RMDN3": 1,
        "GCHFR": 1,
        "VPS18": 1,
        "EXD1": 1,
        "RTF1": 1,
        "RPAP1": 1,
        "MGA": 1,
        "PLA2G4B": 1,
        "SPTBN5": 1,
        "PLA2G4F": 1,
        "TMEM87A": 1,
        "UBR1": 1,
        "EPB42": 1,
        "TGM7": 1,
        "ADAL": 1,
        "TUBGCP4": 1,
        "MAP1A": 1,
        "STRC": 1,
        "CATSPER2": 1,
        "DUOX2": 1,
        "DUOXA2": 1,
        "DUOX1": 1,
        "SHF": 2,
        "GATM": 2,
        "FBN1": 4,
        "CEP152": 1,
        "EID1": 1,
        "COPS2": 1,
        "FGF7": 1,
        "FAM227B": 1,
        "SLC27A2": 1,
        "HDC": 1,
        "USP8": 1,
        "SPPL2A": 1,
        "CYP19A1": 1,
        "DMXL2": 2,
        "SCG3": 1,
        "MYO5C": 1,
        "ONECUT1": 1,
        "UNC13C": 2,
        "NEDD4": 1,
        "TCF12": 1,
        "CGNL1": 3,
        "LIPC": 1,
        "ADAM10": 1,
        "LDHAL6B": 1,
        "ICE2": 1,
        "VPS13C": 2,
        "HERC1": 1,
        "CIAO2A": 1,
        "TRIP4": 1,
        "ANKDD1A": 1,
        "KBTBD13": 1,
        "CLPX": 1,
        "IGDCC4": 1,
        "DIS3L": 1,
        "LCTL": 1,
        "MAP2K5": 2,
        "SPESP1": 1,
        "TLE3": 2,
        "UACA": 1,
        "MYO9A": 2,
        "PKM": 1,
        "CELF6": 1,
        "BBS4": 1,
        "NEO1": 1,
        "HCN4": 1,
        "REC114": 1,
        "LOXL1": 1,
        "PML": 1,
        "ISLR": 1,
        "ARID3B": 1,
        "CYP1A1": 1,
        "CYP1A2": 1,
        "SCAMP2": 1,
        "MAN2C1": 1,
        "CSPG4": 1,
        "SCAPER": 1,
        "PEAK1": 2,
        "HMG20A": 1,
        "LINGO1": 1,
        "TBC1D2B": 1,
        "ACSBG1": 1,
        "HYKK": 1,
        "CHRNA5": 1,
        "CHRNA3": 1,
        "CHRNB4": 1,
        "ADAMTS7": 1,
        "RASGRF1": 1,
        "MINAR1": 1,
        "CEMIP": 2,
        "TMC3": 1,
        "EFL1": 1,
        "WHAMM": 1,
        "HDGFL3": 1,
        "BNC1": 2,
        "ADAMTSL3": 1,
        "ALPK3": 2,
        "ACAN": 1,
        "POLG": 1,
        "ANPEP": 1,
        "ZNF774": 1,
        "IQGAP1": 1,
        "CRTC3": 1,
        "BLM": 1,
        "FURIN": 1,
        "FES": 1,
        "UNC45A": 1,
        "PRC1": 1,
        "VPS33B": 1,
        "SV2B": 1,
        "RGMA": 1,
        "IGF1R": 1,
        "LRRC28": 1,
        "ADAMTS17": 1,
        "ALDH1A3": 1,
        "RHBDF1": 1,
        "LUC7L": 1,
        "AXIN1": 1,
        "WFIKKN1": 1,
        "WDR90": 1,
        "JMJD8": 1,
        "SOX8": 1,
        "C1QTNF8": 1,
        "CACNA1H": 2,
        "IFT140": 1,
        "SPSB3": 1,
        "TBL3": 2,
        "TSC2": 2,
        "PKD1": 1,
        "CASKIN1": 2,
        "ABCA3": 1,
        "AMDHD2": 1,
        "SRRM2": 1,
        "PRSS22": 1,
        "PAQR4": 1,
        "PKMYT1": 1,
        "CLDN6": 1,
        "THOC6": 1,
        "MMP25": 1,
        "ZSCAN10": 1,
        "ZNF205": 1,
        "ZNF213": 2,
        "ZNF174": 1,
        "SLX4": 2,
        "CREBBP": 3,
        "CORO7": 1,
        "MGRN1": 1,
        "ANKS3": 1,
        "GLYR1": 2,
        "PPL": 2,
        "ALG1": 1,
        "EEF2KMT": 1,
        "RBFOX1": 2,
        "TMEM186": 1,
        "GRIN2A": 1,
        "TEKT5": 1,
        "ZC3H7A": 1,
        "RSL1D1": 1,
        "SNX29": 1,
        "NPIPA1": 1,
        "RRN3": 2,
        "MARF1": 2,
        "MYH11": 2,
        "ABCC1": 1,
        "XYLT1": 1,
        "COQ7": 1,
        "TMC5": 1,
        "GPRC5B": 1,
        "GPR139": 2,
        "GP2": 1,
        "ACSM5": 1,
        "ERI2": 1,
        "DNAH3": 4,
        "ZP2": 1,
        "VWA3A": 1,
        "POLR3E": 2,
        "USP31": 1,
        "SCNN1B": 1,
        "PALB2": 2,
        "CHP2": 1,
        "CACNG3": 2,
        "RBBP6": 1,
        "SLC5A11": 1,
        "KDM8": 1,
        "IL27": 1,
        "TUFM": 1,
        "ASPHD1": 1,
        "TMEM219": 1,
        "ALDOA": 1,
        "TBC1D10B": 1,
        "ITGAL": 1,
        "RNF40": 1,
        "HSD3B7": 1,
        "ZNF668": 1,
        "KAT8": 1,
        "FUS": 1,
        "ITGAM": 1,
        "ITGAD": 1,
        "ARMC5": 1,
        "MYLK3": 2,
        "ABCC12": 2,
        "LONP2": 1,
        "BRD7": 1,
        "SNX20": 1,
        "SALL1": 2,
        "CHD9": 2,
        "AKTIP": 1,
        "RPGRIP1L": 2,
        "FTO": 1,
        "IRX6": 1,
        "MMP2": 1,
        "CAPNS2": 1,
        "SLC6A2": 1,
        "SLC12A3": 1,
        "PSME3IP1": 1,
        "PLLP": 1,
        "CCL22": 1,
        "COQ9": 1,
        "KIFC3": 2,
        "CNGB1": 1,
        "PRSS54": 1,
        "CNOT1": 1,
        "CDH8": 3,
        "CDH11": 2,
        "RRAD": 1,
        "CES2": 1,
        "MATCAP1": 1,
        "FHOD1": 1,
        "PLEKHG4": 1,
        "KCTD19": 1,
        "LRRC36": 1,
        "TPPP3": 1,
        "C16orf86": 1,
        "SLC12A4": 4,
        "DPEP3": 1,
        "ESRP2": 1,
        "PLA2G15": 1,
        "SLC7A6": 1,
        "SMPD3": 1,
        "ZFP90": 1,
        "CDH1": 1,
        "TANGO6": 1,
        "UTP4": 1,
        "TMED6": 1,
        "NFAT5": 2,
        "NQO1": 1,
        "WWP2": 2,
        "AARS1": 1,
        "ST3GAL2": 1,
        "COG4": 1,
        "SF3B3": 1,
        "VAC14": 2,
        "HYDIN": 2,
        "CHST4": 1,
        "HPR": 1,
        "TXNL4B": 2,
        "ZFHX3": 5,
        "BCAR1": 1,
        "CHST6": 1,
        "CHST5": 2,
        "ADAT1": 1,
        "KARS1": 2,
        "CNTNAP4": 3,
        "ADAMTS18": 1,
        "DYNLRB2": 1,
        "BCO1": 1,
        "PLCG2": 1,
        "NECAB2": 1,
        "SLC38A8": 1,
        "ADAD2": 1,
        "KLHL36": 1,
        "USP10": 1,
        "CIBAR2": 1,
        "GSE1": 1,
        "FOXL1": 2,
        "FBXO31": 2,
        "ANKRD11": 2,
        "ABR": 2,
        "CRK": 1,
        "WDR81": 2,
        "SMYD4": 1,
        "HIC1": 1,
        "SMG6": 1,
        "TSR1": 1,
        "CLUH": 1,
        "TRPV1": 1,
        "SHPK": 1,
        "HASPIN": 1,
        "ITGAE": 1,
        "P2RX1": 1,
        "ATP2A3": 1,
        "ZZEF1": 1,
        "SPNS2": 1,
        "MYBBP1A": 2,
        "PELP1": 2,
        "ARRB2": 1,
        "ZMYND15": 1,
        "PSMB6": 1,
        "PLD2": 1,
        "CHRNE": 1,
        "RPAIN": 1,
        "MIS12": 1,
        "NLRP1": 1,
        "PITPNM3": 1,
        "KIAA0753": 3,
        "SLC13A5": 3,
        "FBXO39": 2,
        "ALOX12": 2,
        "NEURL4": 2,
        "ACAP1": 1,
        "NLGN2": 2,
        "SPEM2": 1,
        "FGF11": 1,
        "ZBTB4": 1,
        "TNFSF12": 1,
        "EIF4A1": 2,
        "TP53": 8,
        "DNAH2": 3,
        "CHD3": 3,
        "ALOXE3": 1,
        "PER1": 1,
        "AURKB": 1,
        "ARHGEF15": 1,
        "MYH10": 1,
        "PIK3R6": 3,
        "PIK3R5": 1,
        "GLP2R": 1,
        "GAS7": 1,
        "MYH13": 1,
        "MYH8": 1,
        "MYH4": 1,
        "MYH1": 1,
        "MYH2": 1,
        "MYH3": 3,
        "TMEM220": 1,
        "DNAH9": 3,
        "MYOCD": 3,
        "HS3ST3A1": 1,
        "TEKT3": 1,
        "FBXW10B": 1,
        "TRIM16": 1,
        "ZNF286A": 1,
        "NCOR1": 3,
        "LRRC75A": 1,
        "ZNF287": 1,
        "TOM1L2": 1,
        "MYO15A": 3,
        "FLII": 1,
        "LGALS9C": 2,
        "FAM83G": 2,
        "RNF112": 1,
        "ULK2": 1,
        "AKAP10": 1,
        "SPECC1": 1,
        "TMEM11": 1,
        "NOS2": 1,
        "TNFAIP1": 1,
        "POLDIP2": 1,
        "BLTP2": 1,
        "SDF2": 1,
        "SUPT6H": 1,
        "NEK8": 1,
        "FLOT2": 1,
        "PHF12": 1,
        "SEZ6": 1,
        "PIPOX": 1,
        "MYO18A": 3,
        "CRYBA1": 1,
        "CORO6": 1,
        "OMG": 1,
        "RAB11FIP4": 3,
        "CCL13": 1,
        "LIG3": 1,
        "SLC35G3": 1,
        "SLFN5": 1,
        "SLFN11": 1,
        "SLFN12": 1,
        "SLFN13": 2,
        "GAS2L2": 1,
        "ZNHIT3": 1,
        "MYO19": 3,
        "GGNBP2": 1,
        "LHX1": 1,
        "ACACA": 2,
        "HNF1B": 1,
        "MLLT6": 1,
        "SPMAP1": 1,
        "STARD3": 1,
        "ERBB2": 1,
        "GRB7": 1,
        "PSMD3": 3,
        "RAPGEFL1": 1,
        "WIPF2": 1,
        "CDC6": 1,
        "TOP2A": 1,
        "TNS4": 1,
        "KRT222": 1,
        "KRT24": 1,
        "KRT25": 1,
        "KRT27": 2,
        "KRT28": 1,
        "KRT23": 1,
        "KRTAP1-5": 1,
        "KRTAP1-1": 1,
        "KRTAP4-1": 1,
        "KRTAP9-2": 1,
        "KRTAP9-8": 1,
        "KRTAP9-4": 1,
        "KRT33A": 1,
        "KRT34": 1,
        "KRT31": 1,
        "KRT32": 2,
        "KRT13": 1,
        "KRT16": 1,
        "NT5C3B": 1,
        "KAT2A": 1,
        "STAT5B": 1,
        "STAT3": 1,
        "ATP6V0A1": 1,
        "RETREG3": 1,
        "PLEKHH3": 1,
        "CNTNAP1": 1,
        "G6PC1": 1,
        "TMEM106A": 1,
        "ARL4D": 1,
        "MPP3": 1,
        "HDAC5": 2,
        "ASB16": 1,
        "UBTF": 1,
        "SLC4A1": 1,
        "SLC25A39": 1,
        "ITGA2B": 1,
        "GPATCH8": 1,
        "DBF4B": 1,
        "EFTUD2": 1,
        "CCDC103": 1,
        "PLCD3": 1,
        "HEXIM1": 1,
        "MAP3K14": 1,
        "PLEKHM1": 1,
        "KANSL1": 1,
        "WNT3": 1,
        "CDC27": 2,
        "MYL4": 1,
        "ITGB3": 1,
        "OSBPL7": 1,
        "SP6": 1,
        "SP2": 1,
        "SNX11": 1,
        "SKAP1": 1,
        "HOXB1": 1,
        "HOXB9": 1,
        "SPOP": 14,
        "FAM117A": 1,
        "PDK2": 2,
        "SAMD14": 1,
        "EPN3": 1,
        "SPATA20": 1,
        "CACNA1G": 2,
        "ABCC3": 1,
        "KIF2B": 1,
        "MMD": 1,
        "EPX": 1,
        "MKS1": 1,
        "SEPTIN4": 1,
        "SMG8": 1,
        "TUBD1": 1,
        "HEATR6": 3,
        "PPM1D": 1,
        "TBX4": 2,
        "MED13": 1,
        "CYB561": 1,
        "MAP3K3": 1,
        "STRADA": 2,
        "CCDC47": 1,
        "DDX42": 1,
        "CSH1": 1,
        "SCN4A": 3,
        "TEX2": 1,
        "SMURF2": 1,
        "RGS9": 1,
        "CEP112": 1,
        "CACNG4": 1,
        "HELZ": 1,
        "PITPNC1": 1,
        "BPTF": 3,
        "ARSG": 1,
        "FAM20A": 1,
        "ABCA8": 1,
        "ABCA9": 2,
        "ABCA6": 1,
        "MAP2K6": 1,
        "SSTR2": 1,
        "KIF19": 2,
        "GPR142": 1,
        "FDXR": 1,
        "OTOP2": 4,
        "OTOP3": 1,
        "NUP85": 1,
        "GGA3": 1,
        "CASKIN2": 1,
        "UNK": 2,
        "UNC13D": 1,
        "TRIM65": 1,
        "ACOX1": 2,
        "EVPL": 1,
        "SRP68": 2,
        "ZACN": 1,
        "QRICH2": 3,
        "RHBDF2": 2,
        "ST6GALNAC1": 1,
        "MFSD11": 1,
        "SEC14L1": 1,
        "PGS1": 1,
        "DNAH17": 3,
        "TIMP2": 1,
        "LGALS3BP": 1,
        "ENGASE": 1,
        "ENPP7": 2,
        "TBC1D16": 3,
        "CCDC40": 1,
        "SGSH": 1,
        "SLC26A11": 1,
        "RNF213": 3,
        "RPTOR": 1,
        "CEP131": 1,
        "BAHCC1": 1,
        "ACTG1": 2,
        "OXLD1": 1,
        "SLC25A10": 1,
        "PPP1R27": 1,
        "FASN": 1,
        "HEXD": 1,
        "NARF": 1,
        "WDR45B": 1,
        "ZNF750": 1,
        "ENOSF1": 1,
        "SMCHD1": 1,
        "MYOM1": 3,
        "TGIF1": 1,
        "EPB41L3": 2,
        "LAMA1": 1,
        "LRRC30": 1,
        "PTPRM": 2,
        "MTCL1": 2,
        "ANKRD12": 3,
        "APCDD1": 2,
        "CIDEA": 1,
        "TUBB6": 1,
        "PSMG2": 1,
        "PTPN2": 1,
        "LDLRAD4": 1,
        "ROCK1": 1,
        "SNRPD1": 1,
        "ABHD3": 1,
        "CTAGE1": 2,
        "CABLES1": 1,
        "LAMA3": 3,
        "ZNF521": 1,
        "TAF4B": 1,
        "CDH2": 1,
        "DSC1": 1,
        "DSG1": 1,
        "DSG2": 2,
        "GAREM1": 1,
        "NOL4": 1,
        "SLC39A6": 1,
        "FHOD3": 3,
        "SLC14A1": 1,
        "EPG5": 2,
        "SMAD2": 1,
        "SMAD7": 1,
        "LIPG": 2,
        "MYO5B": 1,
        "MBD1": 1,
        "MAPK4": 1,
        "MRO": 1,
        "SMAD4": 1,
        "DCC": 1,
        "TCF4": 1,
        "ATP8B1": 1,
        "NEDD4L": 2,
        "CCBE1": 1,
        "PIGN": 1,
        "SERPINB13": 2,
        "SERPINB11": 1,
        "SERPINB10": 1,
        "CDH7": 1,
        "CDH19": 1,
        "RTTN": 1,
        "SOCS6": 2,
        "NETO1": 3,
        "TIMM21": 1,
        "ZNF407": 1,
        "ZNF516": 1,
        "ZNF236": 4,
        "MBP": 2,
        "NFATC1": 2,
        "CTDP1": 1,
        "MIER2": 2,
        "TPGS1": 1,
        "POLRMT": 1,
        "FGF22": 1,
        "MISP": 1,
        "MED16": 1,
        "ABCA7": 2,
        "MIDN": 1,
        "ADAMTSL5": 1,
        "UQCR11": 1,
        "SPPL2B": 1,
        "DIRAS1": 1,
        "ZNF556": 1,
        "ZNF57": 1,
        "TLE2": 1,
        "PIP5K1C": 1,
        "ZFR2": 1,
        "EEF2": 1,
        "TMIGD2": 1,
        "FSD1": 1,
        "FEM1A": 1,
        "PTPRS": 1,
        "SAFB2": 1,
        "CATSPERD": 1,
        "ACSBG2": 1,
        "TUBB4A": 3,
        "TNFSF9": 1,
        "TNFSF14": 2,
        "C3": 3,
        "VAV1": 2,
        "INSR": 1,
        "ARHGEF18": 2,
        "MCOLN1": 1,
        "XAB2": 1,
        "FBN3": 1,
        "ADAMTS10": 1,
        "ACTL9": 2,
        "OR7E24": 1,
        "ZNF560": 1,
        "ZNF121": 1,
        "OLFM2": 2,
        "COL5A3": 2,
        "PPAN": 1,
        "ICAM5": 1,
        "TYK2": 2,
        "ATG4D": 1,
        "SLC44A2": 1,
        "ILF3": 1,
        "TMED1": 1,
        "DOCK6": 1,
        "ODAD3": 1,
        "ECSIT": 1,
        "ZNF823": 1,
        "ZNF878": 1,
        "ZNF442": 2,
        "ZNF799": 1,
        "ZNF564": 1,
        "ZNF490": 1,
        "ZNF791": 1,
        "FBXW9": 1,
        "PRDX2": 1,
        "MAST1": 2,
        "RAD23A": 1,
        "GADD45GIP1": 1,
        "TRMT1": 1,
        "STX10": 1,
        "CACNA1A": 1,
        "NANOS3": 1,
        "CC2D1A": 1,
        "PRKACA": 1,
        "DNAJB1": 1,
        "ADGRE3": 1,
        "SLC1A6": 1,
        "CASP14": 1,
        "CYP4F3": 1,
        "RAB8A": 2,
        "AP1M1": 1,
        "NWD1": 4,
        "MYO9B": 3,
        "USHBP1": 1,
        "ANKLE1": 1,
        "ANO8": 2,
        "BST2": 1,
        "NXNL1": 1,
        "SLC27A1": 1,
        "COLGALT1": 1,
        "UNC13A": 1,
        "B3GNT3": 1,
        "JAK3": 2,
        "KCNN1": 2,
        "PDE4C": 1,
        "IQCN": 1,
        "GDF15": 2,
        "ELL": 1,
        "KLHL26": 1,
        "SUGP2": 1,
        "ARMC6": 1,
        "NCAN": 2,
        "TSSK6": 1,
        "CILP2": 1,
        "ZNF101": 1,
        "ZNF14": 2,
        "ZNF682": 1,
        "ZNF493": 1,
        "ZNF429": 1,
        "ZNF43": 1,
        "ZNF208": 2,
        "ZNF257": 1,
        "ZNF99": 3,
        "ZNF91": 1,
        "ZNF675": 1,
        "PLEKHF1": 1,
        "TSHZ3": 1,
        "FAAP24": 1,
        "RHPN2": 1,
        "GARRE1": 1,
        "GPI": 1,
        "ZNF30": 1,
        "GRAMD1A": 1,
        "FXYD3": 1,
        "LGI4": 1,
        "CD22": 1,
        "FFAR1": 1,
        "SBSN": 2,
        "TMEM147": 1,
        "ATP4A": 1,
        "ZBTB32": 1,
        "KMT2B": 1,
        "PSENEN": 1,
        "NPHS1": 1,
        "WDR62": 2,
        "ZFP82": 1,
        "ZNF566": 1,
        "ZNF382": 1,
        "ZNF461": 1,
        "ZNF567": 1,
        "ZNF345": 1,
        "ZNF527": 1,
        "ZNF570": 1,
        "KCNK6": 1,
        "CATSPERG": 3,
        "RASGRP4": 1,
        "RYR1": 2,
        "CAPN12": 1,
        "TIMM50": 1,
        "SELENOV": 1,
        "PSMC4": 1,
        "HIPK4": 1,
        "PRX": 3,
        "SERTAD1": 1,
        "LTBP4": 1,
        "CYP2A13": 1,
        "AXL": 1,
        "B3GNT8": 1,
        "CEACAM4": 2,
        "CEACAM7": 2,
        "CD79A": 1,
        "ARHGEF1": 1,
        "ATP1A3": 1,
        "POU2F2": 2,
        "DEDD2": 1,
        "CIC": 2,
        "TMEM145": 2,
        "MEGF8": 1,
        "CEACAM8": 2,
        "PSG1": 1,
        "PSG6": 1,
        "PSG7": 2,
        "PSG11": 1,
        "PSG2": 2,
        "PSG5": 1,
        "PSG9": 1,
        "ZNF575": 1,
        "IRGQ": 2,
        "CADM4": 1,
        "IRGC": 1,
        "ZNF283": 1,
        "ZNF222": 1,
        "ZNF224": 1,
        "ZNF234": 1,
        "ZNF112": 2,
        "ZNF229": 1,
        "CEACAM16": 1,
        "BCL3": 1,
        "BCAM": 1,
        "CLASRP": 1,
        "PPP1R13L": 1,
        "POLR1G": 1,
        "RSPH6A": 1,
        "HIF3A": 1,
        "PNMA8B": 1,
        "PTGIR": 1,
        "STRN4": 1,
        "FKRP": 1,
        "ARHGAP35": 1,
        "C5AR2": 1,
        "DHX34": 3,
        "MEIS3": 1,
        "BICRA": 1,
        "EHD2": 1,
        "TPRX1": 1,
        "CRX": 2,
        "CABP5": 1,
        "PLA2G4C": 1,
        "CARD8": 1,
        "ODAD1": 2,
        "GRIN2D": 1,
        "LMTK3": 1,
        "PLEKHA4": 1,
        "PPFIA3": 1,
        "TRPM4": 3,
        "PRR12": 1,
        "SCAF1": 1,
        "CPT1C": 1,
        "TSKS": 1,
        "PNKP": 1,
        "TBC1D17": 1,
        "MYH14": 2,
        "MYBPC2": 2,
        "SYT3": 2,
        "SHANK1": 1,
        "KLK3": 1,
        "KLK8": 1,
        "KLK10": 1,
        "KLK13": 1,
        "IGLON5": 1,
        "SIGLEC10": 1,
        "SIGLEC12": 2,
        "ZNF175": 1,
        "HAS1": 1,
        "FPR3": 1,
        "ZNF577": 1,
        "ZNF649": 1,
        "ZNF615": 1,
        "ZNF616": 1,
        "ZNF836": 1,
        "ZNF480": 1,
        "ZNF528": 2,
        "ZNF808": 1,
        "ZNF611": 1,
        "ZNF415": 1,
        "ZNF347": 2,
        "ZNF665": 1,
        "ZNF761": 2,
        "PRKCG": 1,
        "CNOT3": 4,
        "TSEN34": 1,
        "LILRB5": 1,
        "LILRB2": 2,
        "LILRA5": 2,
        "LENG8": 1,
        "LAIR2": 1,
        "LILRA2": 1,
        "LILRA1": 2,
        "LILRB1": 1,
        "KIR2DL1": 1,
        "NCR1": 1,
        "NLRP7": 2,
        "NLRP2": 1,
        "SYT5": 1,
        "PTPRH": 3,
        "BRSK1": 2,
        "ZNF524": 1,
        "U2AF2": 1,
        "NLRP9": 2,
        "NLRP11": 1,
        "NLRP5": 1,
        "ZSCAN5B": 1,
        "ZFP28": 1,
        "ZNF470": 1,
        "ZNF71": 1,
        "ZIM2": 2,
        "PEG3": 4,
        "USP29": 1,
        "ZIM3": 2,
        "AURKC": 1,
        "ZNF419": 1,
        "ZNF773": 1,
        "ZNF416": 1,
        "ZNF551": 1,
        "ZNF418": 1,
        "ZSCAN22": 2,
        "RPS5": 1,
        "ZNF584": 1,
        "ZNF324": 1,
        "RBCK1": 1,
        "CSNK2A1": 1,
        "SIRPG": 1,
        "STK35": 1,
        "TGM3": 1,
        "TGM6": 1,
        "PCED1A": 1,
        "UBOX5": 1,
        "FASTKD5": 1,
        "SIGLEC1": 1,
        "ADRA1D": 1,
        "PROKR2": 1,
        "LRRN4": 1,
        "MKKS": 1,
        "NDUFAF5": 1,
        "KIF16B": 4,
        "BFSP1": 1,
        "RRBP1": 2,
        "BANF2": 1,
        "KAT14": 1,
        "RBBP9": 1,
        "SLC24A3": 1,
        "CFAP61": 1,
        "INSM1": 1,
        "KIZ": 1,
        "PAX1": 1,
        "CD93": 1,
        "GZF1": 1,
        "CST2": 1,
        "APMAP": 1,
        "NANP": 1,
        "ZNF337": 1,
        "DEFB119": 1,
        "MYLK2": 1,
        "XKR7": 1,
        "HCK": 1,
        "SUN5": 1,
        "BPIFB6": 1,
        "BPIFB3": 1,
        "BPIFB4": 1,
        "E2F1": 1,
        "ZNF341": 2,
        "NCOA6": 3,
        "EDEM2": 1,
        "RBM39": 1,
        "SOGA1": 1,
        "SRC": 1,
        "TTI1": 3,
        "TGM2": 1,
        "BPI": 1,
        "RALGAPB": 2,
        "PPP1R16B": 1,
        "ZHX3": 1,
        "EMILIN3": 1,
        "CHD6": 1,
        "PTPRT": 1,
        "L3MBTL1": 1,
        "MYBL2": 2,
        "GDAP1L1": 1,
        "ADA": 1,
        "SEMG1": 1,
        "SEMG2": 1,
        "MATN4": 1,
        "SYS1": 1,
        "TP53TG5": 1,
        "EPPIN": 2,
        "WFDC3": 1,
        "ZNF335": 1,
        "CDH22": 1,
        "ZMYND8": 2,
        "NCOA3": 2,
        "SULF2": 1,
        "ARFGEF2": 3,
        "ZNFX1": 1,
        "KCNB1": 3,
        "SPATA2": 1,
        "ADNP": 1,
        "MOCS3": 1,
        "NFATC2": 1,
        "TSHZ2": 1,
        "ZNF217": 2,
        "CYP24A1": 1,
        "AURKA": 1,
        "CASS4": 2,
        "ZBP1": 1,
        "PMEPA1": 1,
        "VAPB": 1,
        "GNAS": 1,
        "NELFCD": 1,
        "ZNF831": 3,
        "CDH26": 1,
        "MTG2": 2,
        "LAMA5": 2,
        "NTSR1": 1,
        "DIDO1": 2,
        "SLC17A9": 1,
        "COL20A1": 1,
        "KCNQ2": 4,
        "HELZ2": 1,
        "STMN3": 1,
        "RTEL1": 1,
        "SLC2A4RG": 1,
        "ZNF512B": 2,
        "SAMD10": 1,
        "MYT1": 1,
        "NRIP1": 1,
        "USP25": 1,
        "TMPRSS15": 1,
        "NCAM2": 1,
        "GABPA": 1,
        "ADAMTS1": 1,
        "N6AMT1": 1,
        "USP16": 1,
        "CCT8": 1,
        "MAP3K7CL": 1,
        "GRIK1": 3,
        "KRTAP27-1": 1,
        "KRTAP13-2": 1,
        "KRTAP13-1": 1,
        "SCAF4": 1,
        "GART": 2,
        "SON": 1,
        "ITSN1": 1,
        "RUNX1": 1,
        "SETD4": 1,
        "MORC3": 2,
        "SIM2": 1,
        "TTC3": 1,
        "KCNJ15": 2,
        "ERG": 7,
        "BRWD1": 2,
        "DSCAM": 1,
        "MX2": 1,
        "RIPK4": 1,
        "C2CD2": 1,
        "ABCG1": 1,
        "RSPH1": 1,
        "PKNOX1": 1,
        "HSF2BP": 1,
        "RRP1B": 2,
        "PWP2": 1,
        "PFKL": 1,
        "TRPM2": 4,
        "KRTAP10-1": 1,
        "KRTAP10-5": 1,
        "KRTAP10-6": 1,
        "KRTAP10-7": 1,
        "KRTAP10-11": 1,
        "KRTAP12-3": 2,
        "PTTG1IP": 1,
        "DIP2A": 1,
        "CCT8L2": 1,
        "HDHD5": 1,
        "CECR2": 2,
        "MICAL3": 3,
        "TSSK2": 2,
        "CDC45": 2,
        "CLDN5": 1,
        "ZDHHC8": 1,
        "SCARF2": 1,
        "PI4KA": 2,
        "LZTR1": 1,
        "THAP7": 2,
        "CCDC116": 1,
        "PRAME": 1,
        "RGL4": 1,
        "ZNF70": 1,
        "CABIN1": 1,
        "GGT5": 1,
        "SPECC1L": 1,
        "UPB1": 1,
        "SGSM1": 1,
        "CRYBB3": 1,
        "MYO18B": 4,
        "SEZ6L": 1,
        "ASPHD2": 1,
        "HPS4": 1,
        "TFIP11": 1,
        "CRYBB1": 1,
        "MN1": 2,
        "ZNRF3": 1,
        "EMID1": 1,
        "GAS2L1": 1,
        "AP1B1": 2,
        "RFPL1": 1,
        "TCN2": 1,
        "SMTN": 1,
        "PLA2G3": 2,
        "LIMK2": 1,
        "SFI1": 1,
        "PISD": 1,
        "DEPDC5": 1,
        "C22orf42": 1,
        "SLC5A4": 2,
        "RASD2": 1,
        "MYH9": 2,
        "FOXRED2": 1,
        "NCF4": 1,
        "KCTD17": 1,
        "TMPRSS6": 1,
        "ELFN2": 1,
        "CARD10": 1,
        "CDC42EP1": 1,
        "TRIOBP": 1,
        "SLC16A8": 1,
        "KDELR3": 1,
        "DDX17": 1,
        "NPTXR": 1,
        "EP300": 1,
        "ZC3H7B": 2,
        "SNU13": 1,
        "MEI1": 2,
        "SREBF2": 1,
        "SEPTIN3": 1,
        "CYP2D6": 1,
        "RRP7A": 1,
        "EFCAB6": 1,
        "PNPLA3": 1,
        "SAMM50": 1,
        "PHF21B": 1,
        "GTSE1": 1,
        "CELSR1": 1,
        "CERK": 2,
        "BRD1": 2,
        "ALG12": 2,
        "MLC1": 2,
        "MOV10L1": 1,
        "TUBGCP6": 1,
        "HDAC10": 1,
        "PLXNB2": 1,
        "TYMP": 1,
        "CPT1B": 1,
        "MAPK8IP2": 1,
        "IL3RA": 1,
        "P2RY8": 1,
        "AKAP17A": 2,
        "ARSL": 1,
        "ARSF": 1,
        "MXRA5": 1,
        "NLGN4X": 1,
        "STS": 1,
        "ARHGAP6": 1,
        "PIGA": 1,
        "RBBP7": 3,
        "NHS": 1,
        "RAI2": 1,
        "BEND2": 1,
        "SCML2": 1,
        "PDHA1": 1,
        "MAP3K15": 1,
        "EIF1AX": 1,
        "CNKSR2": 1,
        "YY2": 1,
        "DDX53": 1,
        "ZFX": 1,
        "SUPT20HL2": 1,
        "POLA1": 1,
        "DMD": 2,
        "FAM47A": 1,
        "MAGEB16": 1,
        "FAM47C": 2,
        "CYBB": 1,
        "SYTL5": 1,
        "SRPX": 2,
        "OTC": 1,
        "BCOR": 1,
        "KDM6A": 3,
        "DIPK2B": 1,
        "PORCN": 2,
        "EBP": 1,
        "TBC1D25": 1,
        "KCND1": 1,
        "CCDC120": 1,
        "CACNA1F": 2,
        "DGKK": 1,
        "SHROOM4": 1,
        "NUDT11": 1,
        "GPR173": 1,
        "KDM5C": 1,
        "HUWE1": 2,
        "WNK3": 2,
        "MAGED2": 1,
        "APEX2": 1,
        "FOXR2": 1,
        "RRAGB": 1,
        "ZXDB": 2,
        "ZXDA": 1,
        "STARD8": 2,
        "ARR3": 1,
        "KIF4A": 1,
        "TEX11": 1,
        "MED12": 6,
        "GJB1": 1,
        "ZMYM3": 4,
        "TAF1": 2,
        "RPS4X": 1,
        "RLIM": 1,
        "NEXMIF": 2,
        "ATRX": 1,
        "MAGT1": 1,
        "BRWD3": 1,
        "CYLC1": 1,
        "CHM": 1,
        "PCDH11X": 2,
        "NAP1L3": 1,
        "XKRX": 1,
        "RPL36A": 1,
        "ZMAT1": 1,
        "IL1RAPL2": 1,
        "NRK": 1,
        "MORC4": 2,
        "TEX13B": 1,
        "ATG4A": 1,
        "COL4A5": 1,
        "IRS4": 1,
        "GUCY2F": 1,
        "RTL9": 3,
        "CHRDL1": 1,
        "LRCH2": 1,
        "WDR44": 1,
        "DOCK11": 2,
        "ZCCHC12": 1,
        "KIAA1210": 1,
        "SEPTIN6": 2,
        "RHOXF1": 1,
        "TMEM255A": 1,
        "TENM1": 2,
        "AIFM1": 1,
        "OR13H1": 1,
        "MBNL3": 2,
        "TFDP3": 1,
        "ZNF449": 1,
        "SAGE1": 1,
        "FHL1": 1,
        "BRS3": 1,
        "ARHGEF6": 1,
        "RBMX": 1,
        "MAGEC2": 3,
        "SLITRK4": 2,
        "SPANXN2": 1,
        "SLITRK2": 1,
        "MAMLD1": 1,
        "PRRG3": 1,
        "MAGEA10": 2,
        "GABRA3": 1,
        "GABRQ": 1,
        "MAGEA3": 1,
        "CETN2": 1,
        "HAUS7": 1,
        "DUSP9": 1,
        "BCAP31": 1,
        "IDH3G": 1,
        "L1CAM": 1,
        "TMEM187": 2,
        "OPN1MW2": 1,
        "TKTL1": 1,
        "PLXNA3": 1,
        "SLC10A3": 1,
        "MPP1": 1,
        "F8": 1,
        "CMC4": 1,
        "VBP1": 1,
        "SPRY3": 1,
        "PCDH11Y": 2,
        "TSPY2": 1,
        "NLGN4Y": 1
    },
    "count": {
        "before": 51525,
        "after": 5670,
        "skip_consequence": 28308
    },
    "ratio_missense": 2.5526137135098437,
    "orphan_genes": [
        "ENSG00000164393",
        "ENSG00000140543",
        "ENSG00000181222",
        "ENSG00000219481",
        "ENSG00000186416",
        "ENSG00000275395",
        "ENSG00000126822",
        "ENSG00000162913",
        "ENSG00000124678",
        "ENSG00000122367",
        "ENSG00000020256",
        "ENSG00000183688",
        "ENSG00000197617",
        "ENSG00000152767",
        "ENSG00000265817",
        "ENSG00000204071",
        "ENSG00000198788",
        "ENSG00000169727",
        "ENSG00000249491",
        "ENSG00000185670",
        "ENSG00000135314",
        "ENSG00000163602",
        "ENSG00000276380",
        "ENSG00000136160",
        "ENSG00000186577",
        "ENSG00000242265",
        "ENSG00000135439",
        "ENSG00000178974",
        "ENSG00000181214",
        "ENSG00000119650",
        "ENSG00000115459",
        "ENSG00000160818",
        "ENSG00000293467",
        "ENSG00000186868",
        "ENSG00000150687",
        "ENSG00000181143",
        "ENSG00000196266",
        "ENSG00000249948",
        "ENSG00000137700"
    ],
    "warning_orphan_genes": "There are 39 orphan genes",
    "warning_mutations_match_various_genes": [
        "19:56822766 in P00-000450 mapped to PEG3. Discarded ZIM2"
    ]
}