{
    "donors": {
        "P00-000450": [
            "P00-000450"
        ],
        "P01-28": [
            "P01-28"
        ],
        "P02-1562": [
            "P02-1562"
        ],
        "P02-2035": [
            "P02-2035"
        ],
        "P03-1334": [
            "P03-1334"
        ],
        "P03-1426": [
            "P03-1426"
        ],
        "P03-1906": [
            "P03-1906"
        ],
        "P03-2345": [
            "P03-2345"
        ],
        "P03-2620": [
            "P03-2620"
        ],
        "P03-3391": [
            "P03-3391"
        ],
        "P03-595": [
            "P03-595"
        ],
        "P03-871": [
            "P03-871"
        ],
        "P04-1084": [
            "P04-1084"
        ],
        "P04-1243": [
            "P04-1243"
        ],
        "P04-1421": [
            "P04-1421"
        ],
        "P04-1790": [
            "P04-1790"
        ],
        "P04-2599": [
            "P04-2599"
        ],
        "P04-2641": [
            "P04-2641"
        ],
        "P04-2666": [
            "P04-2666"
        ],
        "P04-2740": [
            "P04-2740"
        ],
        "P04-47": [
            "P04-47"
        ],
        "P04-594": [
            "P04-594"
        ],
        "P05-2212": [
            "P05-2212"
        ],
        "P05-2594": [
            "P05-2594"
        ],
        "P05-3436": [
            "P05-3436"
        ],
        "P05-3829": [
            "P05-3829"
        ],
        "P05-3852": [
            "P05-3852"
        ],
        "P05-3859": [
            "P05-3859"
        ],
        "P05-620": [
            "P05-620"
        ],
        "P06-1125": [
            "P06-1125"
        ],
        "P06-1696": [
            "P06-1696"
        ],
        "P06-2325": [
            "P06-2325"
        ],
        "P06-3676": [
            "P06-3676"
        ],
        "P06-3939": [
            "P06-3939"
        ],
        "P06-4428": [
            "P06-4428"
        ],
        "P07-144": [
            "P07-144"
        ],
        "P07-360": [
            "P07-360"
        ],
        "P07-5036": [
            "P07-5036"
        ],
        "P07-684": [
            "P07-684"
        ],
        "P07-718": [
            "P07-718"
        ],
        "P07-837": [
            "P07-837"
        ],
        "P08-2516": [
            "P08-2516"
        ],
        "P08-590": [
            "P08-590"
        ],
        "P09-120": [
            "P09-120"
        ],
        "P09-1372": [
            "P09-1372"
        ],
        "P09-1580": [
            "P09-1580"
        ],
        "P09-2497": [
            "P09-2497"
        ],
        "P09-649": [
            "P09-649"
        ],
        "PR-00-1165": [
            "PR-00-1165"
        ],
        "PR-00-160": [
            "PR-00-160"
        ],
        "PR-00-1823": [
            "PR-00-1823"
        ],
        "PR-0099": [
            "PR-0099"
        ],
        "PR-01-1934": [
            "PR-01-1934"
        ],
        "PR-01-2382": [
            "PR-01-2382"
        ],
        "PR-01-2492": [
            "PR-01-2492"
        ],
        "PR-01-2554": [
            "PR-01-2554"
        ],
        "PR-02-1082": [
            "PR-02-1082"
        ],
        "PR-02-169": [
            "PR-02-169"
        ],
        "PR-02-1736": [
            "PR-02-1736"
        ],
        "PR-02-1899": [
            "PR-02-1899"
        ],
        "PR-02-2072": [
            "PR-02-2072"
        ],
        "PR-02-2480": [
            "PR-02-2480"
        ],
        "PR-02-254": [
            "PR-02-254"
        ],
        "PR-03-022": [
            "PR-03-022"
        ],
        "PR-03-1026": [
            "PR-03-1026"
        ],
        "PR-03-870": [
            "PR-03-870"
        ],
        "PR-04-1367": [
            "PR-04-1367"
        ],
        "PR-04-194": [
            "PR-04-194"
        ],
        "PR-04-3113": [
            "PR-04-3113"
        ],
        "PR-04-3222": [
            "PR-04-3222"
        ],
        "PR-04-3347": [
            "PR-04-3347"
        ],
        "PR-04-639": [
            "PR-04-639"
        ],
        "PR-04-903": [
            "PR-04-903"
        ],
        "PR-0415": [
            "PR-0415"
        ],
        "PR-0427": [
            "PR-0427"
        ],
        "PR-05-3440": [
            "PR-05-3440"
        ],
        "PR-05-3595": [
            "PR-05-3595"
        ],
        "PR-05-839": [
            "PR-05-839"
        ],
        "PR-06-1651": [
            "PR-06-1651"
        ],
        "PR-06-1749": [
            "PR-06-1749"
        ],
        "PR-06-1999": [
            "PR-06-1999"
        ],
        "PR-09-2517": [
            "PR-09-2517"
        ],
        "PR-09-2744": [
            "PR-09-2744"
        ],
        "PR-09-2767": [
            "PR-09-2767"
        ],
        "PR-09-3421": [
            "PR-09-3421"
        ],
        "PR-09-3566": [
            "PR-09-3566"
        ],
        "PR-09-3687": [
            "PR-09-3687"
        ],
        "PR-09-5094": [
            "PR-09-5094"
        ],
        "PR-09-5245": [
            "PR-09-5245"
        ],
        "PR-09-5446": [
            "PR-09-5446"
        ],
        "PR-09-5630": [
            "PR-09-5630"
        ],
        "PR-09-5700": [
            "PR-09-5700"
        ],
        "PR-09-5702": [
            "PR-09-5702"
        ],
        "PR-1024": [
            "PR-1024"
        ],
        "PR-1043": [
            "PR-1043"
        ],
        "PR-2661": [
            "PR-2661"
        ],
        "PR-2682": [
            "PR-2682"
        ],
        "PR-2740": [
            "PR-2740"
        ],
        "PR-2761": [
            "PR-2761"
        ],
        "PR-2762": [
            "PR-2762"
        ],
        "PR-2858": [
            "PR-2858"
        ],
        "PR-2872": [
            "PR-2872"
        ],
        "PR-2915": [
            "PR-2915"
        ],
        "PR-2916": [
            "PR-2916"
        ],
        "PR-3023": [
            "PR-3023"
        ],
        "PR-3026": [
            "PR-3026"
        ],
        "PR-3034": [
            "PR-3034"
        ],
        "PR-3035": [
            "PR-3035"
        ],
        "PR-3036": [
            "PR-3036"
        ],
        "PR-3048": [
            "PR-3048"
        ],
        "PR-3051": [
            "PR-3051"
        ],
        "PR-3127": [
            "PR-3127"
        ]
    },
    "hypermutators": {
        "cutoff": 1000,
        "computed_cutoff": 83.875,
        "hypermutators": []
    },
    "skip": {
        "liftover_mismatch": 13,
        "noliftover": 4,
        "invalid_chromosome": [
            0,
            []
        ],
        "coverage": [
            0,
            []
        ],
        "mismatch": 0,
        "same_alt": 0,
        "duplicated": 0,
        "n_sequence": 0
    },
    "count": {
        "before": 5764,
        "snv": 5629,
        "after": 5747,
        "indel": 105
    },
    "signature": {
        "TGC>TCC": 9,
        "CGC>CTC": 21,
        "AGA>ATA": 26,
        "ACA>ATA": 30,
        "TGA>TTA": 35,
        "GCG>GTG": 337,
        "ACA>AAA": 59,
        "CCG>CTG": 292,
        "CGA>CAA": 169,
        "ATC>ACC": 16,
        "CGT>CTT": 11,
        "GAG>GGG": 22,
        "AGA>ACA": 35,
        "GGA>GTA": 29,
        "TAG>TGG": 18,
        "AAT>AGT": 34,
        "AAA>ATA": 7,
        "TTG>TGG": 12,
        "GTC>GGC": 5,
        "CGC>CAC": 333,
        "CCA>CAA": 47,
        "TCC>TTC": 52,
        "CAG>CCG": 19,
        "TTC>TCC": 21,
        "AGC>ATC": 17,
        "ATT>ACT": 41,
        "GCC>GTC": 98,
        "GAC>GCC": 3,
        "CTT>CCT": 26,
        "CGG>CAG": 277,
        "CTC>CGC": 12,
        "GGA>GAA": 38,
        "TGA>TAA": 35,
        "ACG>ATG": 280,
        "ACT>AGT": 13,
        "GCT>GGT": 16,
        "CTT>CAT": 9,
        "CCC>CTC": 33,
        "CAT>CGT": 29,
        "TGT>TCT": 8,
        "GTA>GGA": 13,
        "CTC>CCC": 18,
        "TAA>TCA": 7,
        "AAC>AGC": 24,
        "GCC>GAC": 22,
        "TCA>TGA": 16,
        "CGA>CCA": 4,
        "GCT>GTT": 39,
        "CTC>CAC": 8,
        "TCA>TAA": 33,
        "TCA>TTA": 32,
        "TCT>TGT": 36,
        "TCG>TTG": 139,
        "GGC>GAC": 110,
        "CTG>CCG": 39,
        "TTA>TCA": 20,
        "ATC>AAC": 7,
        "TCT>TTT": 41,
        "CCC>CAC": 13,
        "AAT>ATT": 8,
        "GCA>GAA": 43,
        "CGT>CAT": 300,
        "GGT>GTT": 33,
        "TTC>TGC": 7,
        "AGT>ACT": 16,
        "GAG>GTG": 15,
        "TGT>TAT": 34,
        "GGC>GCC": 14,
        "CCT>CTT": 25,
        "TAT>TGT": 26,
        "TGG>TTG": 37,
        "TCT>TAT": 32,
        "GAC>GTC": 8,
        "CAG>CGG": 38,
        "ATT>AGT": 14,
        "TGC>TAC": 42,
        "TCC>TAC": 39,
        "AGA>AAA": 29,
        "TGA>TCA": 12,
        "GCT>GAT": 26,
        "CCA>CTA": 28,
        "TGC>TTC": 35,
        "CTA>CGA": 2,
        "GAT>GTT": 14,
        "TAC>TGC": 27,
        "TGT>TTT": 38,
        "ACC>AAC": 22,
        "GCA>GTA": 47,
        "CAC>CGC": 26,
        "CGG>CCG": 9,
        "ACC>AGC": 10,
        "AGG>ATG": 24,
        "CGA>CTA": 30,
        "ACC>ATC": 22,
        "CAA>CGA": 16,
        "ACT>AAT": 13,
        "CGG>CTG": 15,
        "GAA>GGA": 18,
        "TTT>TAT": 7,
        "GTG>GGG": 13,
        "CCG>CAG": 28,
        "ACG>AGG": 3,
        "AGC>AAC": 54,
        "GTA>GCA": 14,
        "GGC>GTC": 33,
        "AGC>ACC": 15,
        "ACT>ATT": 25,
        "GAC>GGC": 28,
        "GGT>GCT": 14,
        "CTA>CCA": 12,
        "TGG>TAG": 39,
        "AAG>ACG": 16,
        "GGG>GTG": 24,
        "CCT>CAT": 29,
        "GAA>GCA": 9,
        "TGG>TCG": 7,
        "TTC>TAC": 6,
        "TAT>TCT": 1,
        "ACG>AAG": 15,
        "CCA>CGA": 16,
        "AAG>AGG": 21,
        "GCC>GGC": 11,
        "TCC>TGC": 16,
        "AGG>AAG": 47,
        "TTA>TGA": 6,
        "CTT>CGT": 16,
        "GTT>GCT": 28,
        "TAA>TTA": 6,
        "AAA>ACA": 10,
        "GGG>GAG": 37,
        "TAC>TTC": 7,
        "GCA>GGA": 5,
        "ATG>ACG": 29,
        "AGT>ATT": 8,
        "TTG>TCG": 20,
        "AAG>ATG": 7,
        "GTC>GCC": 27,
        "TAC>TCC": 4,
        "CGT>CCT": 8,
        "CCC>CGC": 7,
        "CAG>CTG": 15,
        "GCG>GAG": 28,
        "CCG>CGG": 9,
        "GTT>GGT": 9,
        "CTG>CAG": 11,
        "ACA>AGA": 12,
        "AAA>AGA": 14,
        "GGA>GCA": 17,
        "TCG>TAG": 29,
        "CAA>CTA": 7,
        "AAC>ATC": 4,
        "GAT>GGT": 13,
        "CGC>CCC": 5,
        "AGG>ACG": 12,
        "TTT>TCT": 16,
        "GGT>GAT": 25,
        "TCG>TGG": 11,
        "CAT>CTT": 9,
        "GTG>GCG": 16,
        "CTG>CGG": 11,
        "GAA>GTA": 6,
        "AGT>AAT": 25,
        "GGG>GCG": 7,
        "CCT>CGT": 10,
        "CAA>CCA": 7,
        "ATC>AGC": 8,
        "CAC>CTC": 3,
        "TTT>TGT": 10,
        "TTG>TAG": 2,
        "AAC>ACC": 3,
        "ATA>ACA": 29,
        "CAC>CCC": 13,
        "GTG>GAG": 8,
        "AAT>ACT": 15,
        "GAG>GCG": 7,
        "ATG>AAG": 7,
        "ATT>AAT": 3,
        "TAT>TTT": 4,
        "TAA>TGA": 13,
        "TAG>TTG": 5,
        "TAG>TCG": 3,
        "ATA>AGA": 3,
        "CTA>CAA": 5,
        "GTA>GAA": 7,
        "ATG>AGG": 6,
        "GCG>GGG": 3,
        "CAT>CCT": 4,
        "GTC>GAC": 2,
        "GTT>GAT": 3,
        "GAT>GCT": 6,
        "TTA>TAA": 3,
        "ATA>AAA": 9
    },
    "probabilities": {
        "TGC>TCC": 0.0015988630307337006,
        "CGC>CTC": 0.0037306804050453012,
        "AGA>ATA": 0.004618937644341801,
        "ACA>ATA": 0.005329543435779001,
        "TGA>TTA": 0.0062178006750755015,
        "GCG>GTG": 0.05986853792858412,
        "ACA>AAA": 0.010481435423698704,
        "CCG>CTG": 0.051874222774915615,
        "CGA>CAA": 0.03002309468822171,
        "ATC>ACC": 0.0028424231657488007,
        "CGT>CTT": 0.0019541659264523006,
        "GAG>GGG": 0.003908331852904601,
        "AGA>ACA": 0.0062178006750755015,
        "GGA>GTA": 0.005151891987919701,
        "TAG>TGG": 0.003197726061467401,
        "AAT>AGT": 0.0060401492272162014,
        "AAA>ATA": 0.0012435601350151003,
        "TTG>TGG": 0.0021318173743116006,
        "GTC>GGC": 0.0008882572392965003,
        "CGC>CAC": 0.059157932137146915,
        "CCA>CAA": 0.008349618049387102,
        "TCC>TTC": 0.009237875288683603,
        "CAG>CCG": 0.003375377509326701,
        "TTC>TCC": 0.0037306804050453012,
        "AGC>ATC": 0.0030200746136081007,
        "ATT>ACT": 0.0072837093622313024,
        "GCC>GTC": 0.017409841890211407,
        "GAC>GCC": 0.0005329543435779002,
        "CTT>CCT": 0.004618937644341801,
        "CGG>CAG": 0.049209451057026114,
        "CTC>CGC": 0.0021318173743116006,
        "GGA>GAA": 0.006750755018653402,
        "TGA>TAA": 0.0062178006750755015,
        "ACG>ATG": 0.04974240540060401,
        "ACT>AGT": 0.0023094688221709007,
        "GCT>GGT": 0.0028424231657488007,
        "CTT>CAT": 0.0015988630307337006,
        "CCC>CTC": 0.005862497779356901,
        "CAT>CGT": 0.005151891987919701,
        "TGT>TCT": 0.0014212115828744004,
        "GTA>GGA": 0.0023094688221709007,
        "CTC>CCC": 0.003197726061467401,
        "TAA>TCA": 0.0012435601350151003,
        "AAC>AGC": 0.004263634748623201,
        "GCC>GAC": 0.003908331852904601,
        "TCA>TGA": 0.0028424231657488007,
        "CGA>CCA": 0.0007106057914372002,
        "GCT>GTT": 0.006928406466512702,
        "CTC>CAC": 0.0014212115828744004,
        "TCA>TAA": 0.005862497779356901,
        "TCA>TTA": 0.005684846331497601,
        "TCT>TGT": 0.006395452122934802,
        "TCG>TTG": 0.024693551252442707,
        "GGC>GAC": 0.019541659264523007,
        "CTG>CCG": 0.006928406466512702,
        "TTA>TCA": 0.003553028957186001,
        "ATC>AAC": 0.0012435601350151003,
        "TCT>TTT": 0.0072837093622313024,
        "CCC>CAC": 0.0023094688221709007,
        "AAT>ATT": 0.0014212115828744004,
        "GCA>GAA": 0.0076390122579499025,
        "CGT>CAT": 0.053295434357790016,
        "GGT>GTT": 0.005862497779356901,
        "TTC>TGC": 0.0012435601350151003,
        "AGT>ACT": 0.0028424231657488007,
        "GAG>GTG": 0.0026647717178895007,
        "TGT>TAT": 0.0060401492272162014,
        "GGC>GCC": 0.0024871202700302007,
        "CCT>CTT": 0.004441286196482501,
        "TAT>TGT": 0.004618937644341801,
        "TGG>TTG": 0.006573103570794102,
        "TCT>TAT": 0.005684846331497601,
        "GAC>GTC": 0.0014212115828744004,
        "CAG>CGG": 0.006750755018653402,
        "ATT>AGT": 0.0024871202700302007,
        "TGC>TAC": 0.0074613608100906025,
        "TCC>TAC": 0.006928406466512702,
        "AGA>AAA": 0.005151891987919701,
        "TGA>TCA": 0.0021318173743116006,
        "GCT>GAT": 0.004618937644341801,
        "CCA>CTA": 0.004974240540060401,
        "TGC>TTC": 0.0062178006750755015,
        "CTA>CGA": 0.0003553028957186001,
        "GAT>GTT": 0.0024871202700302007,
        "TAC>TGC": 0.004796589092201101,
        "TGT>TTT": 0.006750755018653402,
        "ACC>AAC": 0.003908331852904601,
        "GCA>GTA": 0.008349618049387102,
        "CAC>CGC": 0.004618937644341801,
        "CGG>CCG": 0.0015988630307337006,
        "ACC>AGC": 0.0017765144785930006,
        "AGG>ATG": 0.004263634748623201,
        "CGA>CTA": 0.005329543435779001,
        "ACC>ATC": 0.003908331852904601,
        "CAA>CGA": 0.0028424231657488007,
        "ACT>AAT": 0.0023094688221709007,
        "CGG>CTG": 0.0026647717178895007,
        "GAA>GGA": 0.003197726061467401,
        "TTT>TAT": 0.0012435601350151003,
        "GTG>GGG": 0.0023094688221709007,
        "CCG>CAG": 0.004974240540060401,
        "ACG>AGG": 0.0005329543435779002,
        "AGC>AAC": 0.009593178184402203,
        "GTA>GCA": 0.0024871202700302007,
        "GGC>GTC": 0.005862497779356901,
        "AGC>ACC": 0.0026647717178895007,
        "ACT>ATT": 0.004441286196482501,
        "GAC>GGC": 0.004974240540060401,
        "GGT>GCT": 0.0024871202700302007,
        "CTA>CCA": 0.0021318173743116006,
        "TGG>TAG": 0.006928406466512702,
        "AAG>ACG": 0.0028424231657488007,
        "GGG>GTG": 0.004263634748623201,
        "CCT>CAT": 0.005151891987919701,
        "GAA>GCA": 0.0015988630307337006,
        "TGG>TCG": 0.0012435601350151003,
        "TTC>TAC": 0.0010659086871558003,
        "TAT>TCT": 0.00017765144785930004,
        "ACG>AAG": 0.0026647717178895007,
        "CCA>CGA": 0.0028424231657488007,
        "AAG>AGG": 0.0037306804050453012,
        "GCC>GGC": 0.0019541659264523006,
        "TCC>TGC": 0.0028424231657488007,
        "AGG>AAG": 0.008349618049387102,
        "TTA>TGA": 0.0010659086871558003,
        "CTT>CGT": 0.0028424231657488007,
        "GTT>GCT": 0.004974240540060401,
        "TAA>TTA": 0.0010659086871558003,
        "AAA>ACA": 0.0017765144785930006,
        "GGG>GAG": 0.006573103570794102,
        "TAC>TTC": 0.0012435601350151003,
        "GCA>GGA": 0.0008882572392965003,
        "ATG>ACG": 0.005151891987919701,
        "AGT>ATT": 0.0014212115828744004,
        "TTG>TCG": 0.003553028957186001,
        "AAG>ATG": 0.0012435601350151003,
        "GTC>GCC": 0.004796589092201101,
        "TAC>TCC": 0.0007106057914372002,
        "CGT>CCT": 0.0014212115828744004,
        "CCC>CGC": 0.0012435601350151003,
        "CAG>CTG": 0.0026647717178895007,
        "GCG>GAG": 0.004974240540060401,
        "CCG>CGG": 0.0015988630307337006,
        "GTT>GGT": 0.0015988630307337006,
        "CTG>CAG": 0.0019541659264523006,
        "ACA>AGA": 0.0021318173743116006,
        "AAA>AGA": 0.0024871202700302007,
        "GGA>GCA": 0.0030200746136081007,
        "TCG>TAG": 0.005151891987919701,
        "CAA>CTA": 0.0012435601350151003,
        "AAC>ATC": 0.0007106057914372002,
        "GAT>GGT": 0.0023094688221709007,
        "CGC>CCC": 0.0008882572392965003,
        "AGG>ACG": 0.0021318173743116006,
        "TTT>TCT": 0.0028424231657488007,
        "GGT>GAT": 0.004441286196482501,
        "TCG>TGG": 0.0019541659264523006,
        "CAT>CTT": 0.0015988630307337006,
        "GTG>GCG": 0.0028424231657488007,
        "CTG>CGG": 0.0019541659264523006,
        "GAA>GTA": 0.0010659086871558003,
        "AGT>AAT": 0.004441286196482501,
        "GGG>GCG": 0.0012435601350151003,
        "CCT>CGT": 0.0017765144785930006,
        "CAA>CCA": 0.0012435601350151003,
        "ATC>AGC": 0.0014212115828744004,
        "CAC>CTC": 0.0005329543435779002,
        "TTT>TGT": 0.0017765144785930006,
        "TTG>TAG": 0.0003553028957186001,
        "AAC>ACC": 0.0005329543435779002,
        "ATA>ACA": 0.005151891987919701,
        "CAC>CCC": 0.0023094688221709007,
        "GTG>GAG": 0.0014212115828744004,
        "AAT>ACT": 0.0026647717178895007,
        "GAG>GCG": 0.0012435601350151003,
        "ATG>AAG": 0.0012435601350151003,
        "ATT>AAT": 0.0005329543435779002,
        "TAT>TTT": 0.0007106057914372002,
        "TAA>TGA": 0.0023094688221709007,
        "TAG>TTG": 0.0008882572392965003,
        "TAG>TCG": 0.0005329543435779002,
        "ATA>AGA": 0.0005329543435779002,
        "CTA>CAA": 0.0008882572392965003,
        "GTA>GAA": 0.0012435601350151003,
        "ATG>AGG": 0.0010659086871558003,
        "GCG>GGG": 0.0005329543435779002,
        "CAT>CCT": 0.0007106057914372002,
        "GTC>GAC": 0.0003553028957186001,
        "GTT>GAT": 0.0005329543435779002,
        "GAT>GCT": 0.0010659086871558003,
        "TTA>TAA": 0.0005329543435779002,
        "ATA>AAA": 0.0015988630307337006
    }
}